title,episodes,rating,rank,popularity,start_date,end_date,year,synopsis,media_type,source,genres,studios
Hacka Doll The Animation,13,6.38,8745.0,3420,2015-10-02,2015-12-25,2015.0,"Hacka Dolls are AI that scan a person in order to tailor news recommendations and information to their users. These widespread, personalized robots have served many citizens, from government officials to professional sports players.

A severe drop in quality leads to the production of three substandard Hacka Dolls. Due to their personality defects, they are sent to Earth, tasked with advancing humanity in whatever way they can. Whether it be encouraging a fujoshi to sell a doujinshi at Comiket or performing in an idol group, the three dolls will complete any task as long as it abides by their moral compass. Despite their shortcomings, they take their mission very seriously and always try their best to assist everyone with incredible enthusiasm.

[Written by MAL Rewrite]",tv,other,"Comedy, Sci-Fi",Creators in Pack
Tsuki ga Michibiku Isekai Douchuu,12,7.71,1417.0,450,2021-07-07,2021-09-22,2021.0,"As part of a mysterious contract agreed upon by a goddess and his parents years ago, Makoto Misumi finds himself sent to another world to meet the goddess and become the hero. However, the deity deems Makoto to be ""hideous,"" refusing to even lay eyes upon him and revokes his heroic title. Disdainfully giving him the ability to understand all languages except the human language as compensation, the goddess drives Makoto off to the farthest edges of the wasteland, far from human civilization.

Due to the disparity between Earth and this new world, Makoto's inherent physical and magical capabilities awaken, making him extremely powerful. He meets various demihumans and mythical beings who all end up being captivated with his characteristics and join Makoto in building a new community where all of them can peacefully coexist.

Nevertheless, despite this success, Makoto still yearns to meet fellow humans. In a world where the goddess herself has barred him from interacting with his kind, it is up to Makoto and his companions to fulfill his desire—and perhaps reform society along the way.

[Written by MAL Rewrite]",tv,light_novel,"Action, Adventure, Comedy, Fantasy, Isekai",C2C
Kantai Collection: KanColle,12,6.83,5924.0,1240,2015-01-08,2015-03-26,2015.0,"With the seas under constant threat from the hostile ""Abyssal Fleet,"" a specialized naval base is established to counter them. Rather than standard naval weaponry, however, the base is armed with ""Kanmusu""—girls who harbor the spirits of Japanese warships—possessing the ability to don weaponized gear that allows them to harness the powerful souls within themselves. Fubuki, a young Destroyer-type Kanmusu, joins the base as a new recruit; unfortunately for her, despite her inexperience and timid nature, she is assigned to the famous Third Torpedo Squadron and quickly thrust into the heat of battle. When she is rescued from near annihilation, the rookie warship resolves to become as strong as the one who saved her.

[Written by MAL Rewrite]",tv,game,"Action, Anthropomorphic, Military, School, Sci-Fi",Diomedéa
Promare,1,7.89,957.0,921,2019-05-24,2019-05-24,2019.0,"Thirty years ago, a new race of flame-wielding mutants suddenly appeared, destroying a large portion of humanity. These so-called “Burnish” have continued to appear at random, leaving a trail of death and destruction in their wake.

The autonomous republic of Promepolis is a thriving nation thanks to the incredible efforts of their leader, Kray Foresight, against the Burnish. A team of firefighters known as the Burning Rescue is tasked with stopping these horrifying monsters, using the most performant technology available thanks to their incredible mechanic Lucia Fex. Galo Thymos is an energetic young man, who considers Foresight his hero for saving his life and is the rescue team's most recent recruit. 

A terrorist group calling themselves Mad Burnish has been causing havoc all over the nation. After an encounter with Mad Burnish leader Lio Fotia, Galo sets out on his fated journey to find the truth about these mutants, ultimately leading him to question everything he previously held to be true.

[Written by MAL Rewrite]",movie,original,"Mecha, Sci-Fi, Super Power",Trigger
Final Fantasy VII: Advent Children - Venice Film Festival Footage,1,7.62,1687.0,6359,2005-09-14,2005-09-14,2005.0,Advent Children Special Edition is the 25 minute version of the movie which was shown at the 62nd Venice Film Festival in 2005. Available as dvd bonus on 2-disc special edition.,movie,game,"Action, Drama, Fantasy, Sci-Fi",Square Enix Visual Works
Persona 4 the Golden Animation,12,6.66,7058.0,2354,2014-07-11,2014-09-26,2014.0,"Spring. Far from the city, time flows peacefully in this rural town. As the cherry blossoms scatter in the wind, a young man named Yu Narukami steps off the train at Yasoinaba Station. Yu has come to this town, where his uncle lives, for family reasons; he will be transferring into the local high school, Yasogami High. And so begins his school life... The shopping mall after school. A series of murders taking place in town. The Midnight Channel, airing late at night.... What lies in store for Yu and his friends ‘this time around?

(Source: Aniplex USA)",tv,game,"Adventure, Mystery, School, Sci-Fi, Super Power, Supernatural",A-1 Pictures
Ginga Eiyuu Densetsu: Die Neue These - Seiran 1,4,8.07,630.0,4419,2019-09-27,2019-09-27,2019.0,"The Free Planets Alliance's invasion of the Galactic Empire has failed after supply mismanagement led to heavy losses. Unwilling to abort the expedition despite being greatly outnumbered, Fleet Admiral Lazar Lobos orders the remaining Alliance fleets to gather in the Amritsar Starzone for a final stand against the incoming counterattack.

Strategic genius Fleet Admiral Reinhard von Lohengramm leads the Imperial forces into this decisive battle with an overwhelming advantage. However, his rival, tactical magician Vice Admiral Yang Wen-li of the Alliance, once again makes up for the incompetence of his superiors and stages a narrow escape for himself and his fellow soldiers. Though both Reinhard and Yang are displeased with the outcome—the former for his imperfect victory and the latter for the tremendous casualties—their attention must turn to the bubbling political unrest on both sides of the galaxy.

[Written by MAL Rewrite]",movie,novel,"Adult Cast, Drama, Military, Sci-Fi, Space",Production I.G
Ginga Eiyuu Densetsu: Die Neue These - Seiran 2,4,8.18,473.0,4019,2019-10-25,2019-10-25,2019.0,"Marquis Reinhard von Lohengramm's plot to destabilize the Free Planets Alliance succeeds when the treacherous former Rear Admiral Arthur Lynch instigates a coup on Heinessen. Equipped with a plan crafted by Reinhard himself, Lynch encourages his longtime friend Admiral Dwight Greenhill to supervise the National Salvation Military Council's toppling of the civilian government. Seeking to defend democracy and restore the Alliance constitution, Admiral Yang Wen-li faces off against his fellow citizens—and, regrettably, the father of his devoted adjutant Lieutenant Frederica Greenhill.

Now with the Free Planets Alliance thoroughly occupied with their own internal matters, the forces of the Galactic Empire can safely suppress the newly formed Lippstadt League led by Duke Otto von Braunschweig. However, with his friend and loyal subordinate High Admiral Siegfried Kircheis fighting far away in the noble-controlled frontier regions, Reinhard increasingly relies on the advice of the ruthless Vice Admiral Paul von Oberstein, whose influence within the esteemed Lohengramm admiralty steadily grows.

Though bloodshed is inevitable on both sides of the galaxy, Yang Wen-li of the Alliance and Reinhard von Lohengramm of the Empire each ask themselves the same questions: how will history look back on their actions? Will the ends justify the means?

[Written by MAL Rewrite]",movie,novel,"Adult Cast, Drama, Military, Sci-Fi, Space",Production I.G
Sangokushi: Dai Ni Bu - Choukou Moyu!,1,6.63,7242.0,15109,1993-03-20,1993-03-20,1993.0,An anime based on the Romance of the Three Kingdoms novel.,movie,novel,"Action, Historical",Toei Animation
Junjou Romantica,12,7.44,2459.0,1047,2008-04-11,2008-06-27,2008.0,"High school student Misaki Takahashi returns home to see his older brother being fondled by an unknown man. Bewildered by such a sight, Misaki finds out that the stranger is actually Akihiko Usami, a popular novelist and his brother's best friend. With the two of them slowly becoming acquainted, Akihiko ends up as Misaki's private tutor. However, after stumbling upon the author's latest boys-love novel, Misaki becomes uncertain whether or not to trust Akihiko regarding his friendship with the student's brother.

Elsewhere, Hiroki Kamijou, a university teacher of classical literature and Akihiko's friend, is grieving a failed romance. While on the edge of a mental breakdown, he meets student Nowaki Kusama, who wants his help for an upcoming exam. Despite denying Nowaki's request numerous times, Hiroki eventually lends him a hand. As the two get closer, more revelations about the student are made.

Furthermore, when wealthy teenager Shinobu Takatsuki finds out that his older sister has divorced Hiroki's coworker You Miyagi, he immediately wants to date the same man—as he saved Shinobu from a robbery three years prior. Even so, You does not feel the same way and attempts to scare him off. However, the educator soon realizes that Shinobu will do anything for their destined romance.

Junjou Romantica collects three love stories, narrating every couple's romance.

[Written by MAL Rewrite]",tv,manga,"Adult Cast, Boys Love, Comedy, Drama",Studio Deen
Magic-Kyun! Renaissance,13,7.01,4923.0,3190,2016-10-02,2016-12-25,2016.0,"A world where art becomes magic. In this world, people who can inspire passion with their Magic Arts are called Artistas, and are employed in show business. In Hoshinomori Private Magical Arts High School, where Artistas are taught, a strange new student named Kohana Aigasaki transfers into the school.

Kohana is placed on the planning committee for the school's yearly Hoshinomori Summer Festa cultural festival. She spends her romantic school life with six other boys who aim to become entertainers in the future. Each of the boys specializes in his own Arts, and aims to make Hoshi Fes a success. In addition, the boys also aim to be chosen alongside Kohana as the school's Artista Prince and Princess, only chosen once a year.

(Source: Official site)",tv,mixed_media,"Fantasy, Music, Reverse Harem, Romance, School, Visual Arts",Sunrise
Blue Reflection Ray,24,6.02,10790.0,4444,2021-04-10,2021-09-25,2021.0,"Individual pieces of human emotion usually take form as flowers known as ""Fragments."" The select few who possess strong enough Fragments can become ""Reflectors,"" beings who equip specialized rings that allow them to connect their thoughts, memories, and emotions to those whose feelings waver. There are two types of Reflectors—those who wear blue rings to protect those falling into depravity by preserving their Fragments, and those who wear red rings to prevent negative emotions by stealing the Fragments of those who begin to develop severe woe.

Despite wanting to socialize with people around her, transfer student Ruka Hanari's shy and introverted personality always gets in her way. In a chance encounter, however, she bumps into a woman who happens to drop a blue ring as she hurries away. Unable to return it, Ruka brings it back with her to her dorm. There, she meets the outgoing Hiori Hirahara, who also has a blue ring. They find themselves in several conflicts against red Reflectors, slowly realizing the true power of the rings that they hold.

Now striving to become Reflectors themselves, Ruka and Hiori must learn to work together and become stronger so that they can save not only the people around them, but also themselves from the emotions that hold them back.

[Written by MAL Rewrite]",tv,game,"Action, Mahou Shoujo, School",J.C.Staff
Mahou Shoujo Lyrical Nanoha: Reflection,1,7.5,2206.0,6081,2017-07-22,2017-07-22,2017.0,"The dying planet of Eltria is the only home of Kyrie Florian, her older sister Amitie, and her parents, who are scientists researching ways to save it. Unfortunately, the Florians must leave the planet behind to seek medical care for their father, who has contracted a lethal illness.

Even with treatment, the survival rate of Kyrie's father is minuscule. Refusing to give up on her father and Eltria, Kyrie goes against the wishes of her sister and runs away from home to the peaceful planet of Earth in search of a solution. There, Kyrie and her childhood friend, Iris, pursue Earth's magical protectors—Nanoha Takamachi, Fate Testarossa, and Hayate Yagami.

Nanoha and her companions possess the key to fulfilling Kyrie's objective, and the young girl must do whatever it takes to obtain it. However, it proves difficult for Kyrie, as the protectors do not easily yield to her provocation. Furthermore, Amitie soon arrives on Earth to stop her younger sister's reckless actions and bring her back home, further complicating the already delicate situation.

[Written by MAL Rewrite]",movie,original,"Action, Drama, Mahou Shoujo, Sci-Fi",Seven Arcs Pictures
Ao Oni The Animation (Movie),1,4.03,14871.0,7741,2017-02-11,2017-02-11,2017.0,An animated film series based on the Ao Oni game. It will feature a new story.,movie,game,"Horror, Mystery",Studio Deen
Grisaia: Phantom Trigger The Animation,2,6.89,5562.0,2653,2019-03-15,2019-03-15,2019.0,"Following the Heath Oslo incident, the existence of the US-Japanese anti-terror organization CIRS has become a matter of public knowledge. CIRS has been rebuilt from the ground up, and its most covert functions spun off to a new agency: SORD (Social Ops, Research & Development).

The goal of SORD is to train a new generation of operatives to defend the country against future threats. To that end, the organization has established a series of schools up and down the country. Mihama Academy, more-or-less left to rot after its abrupt closure, has been given new purpose as one such 'specialist training school'.

This new incarnation of Mihama Academy is home to a diverse group of students, who every day work to polish their unusual skills – sometimes on the job. Mihama now entrusts the misfit girls who attend it with guns and live ammunition.

Paying their own safety no heed, these students are again and again plunged into dangerous extrajudicial missions - all for the good of the realm.

""We've been provided with a place in the world. That alone isn't enough - there wouldn't be any meaning in living, if that was all we had... It's not enough just to be made use of by others. I live by my own strength, and I fight to survive. That's the only way those of us who actually make it through can find forgiveness...""

No matter how much life grinds them down, what future awaits these girls, who've themselves chosen the path of the gun?

(Source: Kickstarter)",movie,visual_novel,"Action, School",Bibury Animation Studios
Pokemon Advanced Generation,192,7.16,4077.0,1370,2002-11-21,2006-09-14,2002.0,"After participating in the Johto League, Satoshi decides to begin anew in yet another journey; this time by himself and Pikachu, in the land of Houen. Though he isn't alone for long, as 10-year-old Haruka (whom dislikes Pokemon, but just wants to come along to see the world) travels with him after Pikachu destroys her bicycle. Satoshi also meets up with his old companion, Takeshi, and Haruka's younger brother, Masato. Together, they travel along in Houen, battling Gym Leaders, entering contests, and other events on the way to the Houen League.

(Source: ANN, edited)",tv,game,"Action, Adventure, Comedy, Fantasy, Kids",OLM
Geisters: Fractions of the Earth,26,5.63,12717.0,12362,2001-10-06,2002-03-30,2001.0,"At the end of the 21st century, a meteorite collision plunged Earth into apocalypse, and the remnants of humanity went in two different directions to survive. The aristocratic Dobias headed into space, while the earthy Shioru went underground. Centuries later, they returned to Earth's surface and are now fighting for control of the planet—that is, when they're not busy fending off a new species of predators known simply as Creatures. Amidst this conflict, an elite team of five soldiers known as Geisters protects humanity from the Creatures and from each other. Although part of the Dobias, the Geisters have recently accepted a soldier of Shioru descent onto the team, and her take-charge personality leaves the other members unsure about her loyalty and usefulness to the group. With Dobias and Shioru tensions heating up on the political floor, Creatures running rampant, and a dangerous new weapon being developed in secret, the Geisters must maintain peace among themselves and the rest of society.

(Source: Anime Crash)",tv,original,"Action, Military, Sci-Fi",Plum
Ikemen Sengoku: Toki wo Kakeru ga Koi wa Hajimaranai,12,6.25,9542.0,7431,2017-07-12,2017-09-27,2017.0,"""Sasuke Sarutobi"" is an average college student at Kyoto University studying time slips as a hobby until the day he falls into a time slip himself, transporting him to the Sengoku Period. Upon arrival, Sasuke encounters several warlords he could only ever dream of meeting: Toyotomi Hideyoshi, Tokugawa Ieyasu, and the famous ""Demon King of the Sixth Heaven"" Oda Nobunaga, who takes him in as a vassal. Introducing several modern concepts to the warlords varying from playing tennis to sending chain letters, Sasuke finds his place in an old but utterly new world. 

[Written by MAL Rewrite]",tv,game,"Historical, Romance","TMS Entertainment, Jinnis Animation Studios"
Yowamushi Pedal: New Generation,25,7.64,1638.0,2607,2017-01-10,2017-06-27,2017.0,"Third season of the Yowamushi Pedal series.

With the team's combined strength, the Sohoku High bicycle racing club beat reigning champions Hakone Academy at the Interhigh national race and achieved an impressive overall victory. Now that their hot summer has ended and third-years Kinjou, Makishima, and Tadokoro have retired from the team, first-year participants in the Interhigh Onoda Sakamichi, Imaizumi Shunsuke, and Naruko Shoukichi, along with their new captain second-year Teshima Junta and vice-captain Aoyagi Hajime begin preparing as a ""new team"" for their second consecutive championship at the next Interhigh. In order to retake their throne, their rivals Hakone Academy have also incorporated new members and begun training as a new team. Kyoto Fushimi High is lead by the monstrous racer Midousuji Akira. The nation's top schools are all honing their skills to reach the top of the Interhigh.

(Source: Crunchyroll)",tv,manga,"Racing, Shounen, Sports",TMS Entertainment
Rail Romanesque 2,13,5.68,12515.0,8025,2023-10-06,2023-12-29,2023.0,Second season of Rail Romanesque.,tv,visual_novel,"Anthropomorphic, Slice of Life","Yokohama Animation Lab, Cloud Hearts"
Honzuki no Gekokujou: Shisho ni Naru Tame ni wa Shudan wo Erandeiraremasen,14,7.97,792.0,740,2019-10-03,2019-12-26,2019.0,"Urano Motosu loves books and has an endless desire to read literature, no matter the subject. She almost fulfills her dream job of becoming a librarian before her life is ended in an accident. As she draws her last breath, she wishes to be able to read more books in her next life.

As if fate was listening to her prayer, she wakes up reincarnated as Myne—a frail five-year-old girl living in a medieval era. What immediately comes to her mind is her passion. She tries to find something to read, only to become frustrated by the lack of books at her disposal.  

Without the printing press, books have to be written and copied by hand, making them very expensive; as such, only a few nobles can afford them—but this won't stop Myne. She will prove that her will to read is unbreakable, and if there are no books around, she will make them herself! 

[Written by MAL Rewrite]",tv,light_novel,"Fantasy, Isekai, Reincarnation",Ajia-do
Active Raid: Kidou Kyoushuushitsu Dai Hachi Gakari 2nd,12,6.35,8909.0,5311,2016-07-11,2016-09-26,2016.0,"Set in a part of Tokyo that has descended into a quagmire, the story follows Unit 8 of the 5th Special Public Security Section's 3rd Mobile Assault Division, popularly called ""The Eighth,"" who don powered armor ""Willwear"" exoskeletons to counter the rise in crime. 

(Source: ANN)",tv,original,"Adult Cast, Mecha, Sci-Fi",Production IMS
Active Raid: Kidou Kyoushuushitsu Dai Hachi Gakari,12,5.88,11493.0,3199,2016-01-07,2016-03-24,2016.0,"In a futuristic, post-disaster Tokyo, the ""Special Public Security Fifth Division Third Mobile Assault Eighth Unit,"" or ""Unit Eight,"" is a police unit specializing in handling criminals who wield dangerous wearable technology called ""Willwear."" Equipped with Willwear of their own, the squadron is often criticized by the public for their carelessness and disregard for protocol.

Sent in by the government as an undercover agent with special instructions from the higher-ups, Asami Kazari is Unit Eight's newest member. Determined to straighten out what she expects to be a group of incompetent fools, she instead finds a team of well-intentioned experts who use very effective—albeit unorthodox—methods, hindered by strict regulations. With their newest member by their side, Unit Eight fights crime and overcomes unexpected adversaries in Active Raid: Kidou Kyoushuushitsu Dai Hachi Gakari.

[Written by MAL Rewrite]",tv,original,"Adult Cast, Mecha, Sci-Fi",Production IMS
Rurouni Kenshin: Meiji Kenkaku Romantan,94,8.28,346.0,485,1996-01-10,1998-09-08,1996.0,"In the final years of the Bakumatsu era lived a legendary assassin known as Hitokiri Battousai. Feared as a merciless killer, he was unmatched throughout the country, but mysteriously disappeared at the peak of the Japanese Revolution. It has been ten peaceful years since then, but the very mention of Battousai still strikes terror into the hearts of war veterans.

Unbeknownst to them, Battousai has abandoned his bloodstained lifestyle in an effort to repent for his sins, now living as Kenshin Himura, a wandering swordsman with a cheerful attitude and a strong will. Vowing never to kill again, Kenshin dedicates himself to protecting the weak. One day, he stumbles across Kaoru Kamiya at her kendo dojo, which is being threatened by an impostor claiming to be Battousai. After receiving help from Kenshin, Kaoru allows him to stay at the dojo, and so the former assassin temporarily ceases his travels.

Rurouni Kenshin: Meiji Kenkaku Romantan tells the story of Kenshin as he strives to save those in need of saving. However, as enemies from both past and present begin to emerge, will the reformed killer be able to uphold his new ideals?

[Written by MAL Rewrite]",tv,manga,"Action, Comedy, Historical, Romance, Samurai, Shounen","Gallop, Studio Deen"
Rurouni Kenshin: Meiji Kenkaku Romantan - Tsuioku-hen,4,8.69,73.0,953,1999-02-20,1999-09-22,1999.0,"When mankind's savagery surpasses his fear of death, there is little hope for those who wish to live honest lives. Beneath a full moon, a young boy witnesses the murder of the bandits who had enslaved him, and is then christened with a new name by the man who rescued him. This boy is Shinta, now known as Kenshin Himura, and he is destined to become a swordsman. The softness of his heart does not befit the occupation, but his desire to protect the innocent is absolute.

Rurouni Kenshin: Meiji Kenkaku Romantan - Tsuioku-hen details the origins of the man who would bear the name of Hitokiri Battousai long before he swore his oath not to kill and before he earned his reputation as an assassin. The young man's heart is divided between justice and corruption, while the fate of a nation rests on his actions.

[Written by MAL Rewrite]",ova,manga,"Action, Adult Cast, Drama, Historical, Romance, Samurai, Shounen",Studio Deen
Junjou Romantica 3,12,7.58,1839.0,2005,2015-07-09,2015-09-24,2015.0,"After living together for three years, Misaki Takahashi and Akihiko ""Usagi"" Usami's relationship has been progressing smoothly. However, all great relationships have problems, and theirs is just beginning. With a new rival on the horizon, Usagi worries about Misaki's feelings towards him. 

Meanwhile, Ryuuichirou Isaka has always loved to intrude on Misaki and Usagi's love life, but his own love life hasn't been all smooth sailing—Isaka and his secretary Kaoru Asahina have been dating for a few years; however, Asahina prefers to keep their professional and private lives separate, often leading to troubled waters between them.

As for Nowaki Kusama and Hiroki Kamijou, now that their careers are finally taking off, they hardly see each other anymore. With the time they spend together lessening, doubts and insecurities threaten to creep in between them. On the other hand, the 17-year age gap between Shinobu Takatsuki and You Miyagi has been a constant barrier in their relationship, but as they learn more about each other, their self-consciousness continues to fade.

The beloved couples of Junjou Romantica, Junjou Egoist, and Junjou Terrorist are back again, this time with a new addition: Junjou Mistake!

[Written by MAL Rewrite]",tv,manga,"Adult Cast, Boys Love, Comedy, Drama",Studio Deen
Dance XX,1,5.57,,19648,2015-10-07,2015-10-07,2015.0,"An official music video for the song Dance XX from the Never Look Back! EP release by the band ""Sappy"".",music,original,Music,Unknown
Xiong Chumo: Chunri Dui Dui Peng,52,5.61,12814.0,18148,2014-11-27,2015-01-15,2014.0,"Fourth season of Boonie Bears.

Now that spring is in the air, the forest animals are back to frolicking amongst the freshly blooming flowers and busy at work planting new trees to add even more color to their luscious home. The bear brothers—Briar and Bramble, and all their friends are having a jolly great time basking in this colorful season; however, from time to time, they stumble across Logger Vick who will not give up. The bears, along with their little friends make it their mission to protect the forest. This always results in a lot of laughter, tears and of course, adventures aplenty!

(Source: Official website)",tv,original,"Adventure, Comedy, Kids",Fantawild Animation
Z/X: Ignition,12,6.5,8057.0,3946,2014-01-10,2014-04-03,2014.0,"The story is set in the not-so-distant future. Five ""Black Points"" suddenly appeared around the world as portals to parallel worlds. Immediately after, strange creatures began their invasion from these portals. These creatures are the inhabitants of five worlds—the same worlds in different timeframes. In order to ensure their own future timeframe survives, each of the five invasion forces battle to wipe the other future timeframes out. The key is one card-shaped device.

(Source: ANN)",tv,card_game,"Adventure, Fantasy, Sci-Fi, Strategy Game",Telecom Animation Film
Sword Art Online: Extra Edition,1,6.55,7735.0,830,2013-12-31,2013-12-31,2013.0,"The story is set a couple of years after the events of Sword Art Online, where Kazuto ""Kirito"" Kirigaya and his sister Suguha meet up with Asuna Yuuki, Rika ""Lisbeth"" Shinozaki, and Keiko ""Silica"" Ayano at the SAO Survivor School. Kirito then attends emergency counseling, while the girls go for a swim at the pool. It turns out that said ""emergency counseling"" is a subterfuge set up by Seijirou Kikuoka, aiming to rehash the incident of Sword Art Online in hopes of determining Akihiko Kayaba's motives. What will the girls get up to in the pool, and what awaits Kirito and his ""counseling""?

[Written by MAL Rewrite]",special,light_novel,"Action, Fantasy, Video Game",A-1 Pictures
Promare: Galo-hen,1,6.87,5705.0,4576,2019-05-24,2019-05-24,2019.0,A prequel set one day before the events of the Promare film.,ona,original,"Mecha, Sci-Fi, Super Power",Trigger
ACCA: 13-ku Kansatsu-ka,12,7.66,1544.0,1535,2017-01-10,2017-03-28,2017.0,"ACCA—a national body of the kingdom of Dowa that provides public services to the citizens of the country—was established as part of the peace settlement between the king of Dowa and the 13 states of the country during a revolt. One hundred years later, Dowa is in a period of unprecedented peace, due in part to the ACCA system. However, rumors of a coup d'état start to surface. Jean Otus, the second-in-command of the inspection department of ACCA, is charged with inspecting all 13 state branches. What will he discover as he performs his audit?

Intriguing and mysterious, ACCA: 13-ku Kansatsu-ka is a politically-themed mystery that reveals a world of diverse cultures and lifestyles, with intricate connections between its characters, as the truth of the coup d'état slowly unfolds.

[Written by MAL Rewrite]",tv,manga,"Adult Cast, Detective, Drama, Mystery, Seinen",Madhouse
Yubisaki to Renren,12,8.2,451.0,808,2024-01-06,2024-03-23,2024.0,"For hearing-impaired university student Yuki Itose, silence has been a natural part of life since birth. Her world is small and isolated; she commutes to campus, interacts with her best friend Rin Fujishiro, and communicates through writing and text messages—a lifestyle that offers little to no change. One day, during her commute, Yuki meets fellow student Itsuomi Nagi, a multilingual travel enthusiast and friend of Rin. When Itsuomi learns of Yuki's condition, he takes it in stride, moving Yuki's heart. From this one simple gesture, Yuki and Itsuomi's lives start changing day by day as they let each other into their own worlds.

[Written by MAL Rewrite]",tv,manga,"Adult Cast, Romance, Shoujo",Ajia-do
Pokemon Movie 17: Hakai no Mayu to Diancie,1,6.56,7661.0,3466,2014-07-19,2014-07-19,2014.0,"In the underground Diamond Domain, where many Carbink live, the Mythical Pokémon Diancie serves as ruler. The Holy Diamond that sustains the land is beginning to fall apart, and Diancie is not yet strong enough to create a new one. While seeking help from the Legendary Pokémon Xerneas, Diancie encounters a group of thieves who want to take control of its diamond-producing power–and who awaken the Legendary Pokémon Yveltal from its cocoon in the process! Can Satoshi and his friends help Diancie discover its true power, stop Yveltal’s rampage, and save the Diamond Domain?

(Source: Official site)",movie,game,"Adventure, Fantasy, Kids",OLM
Miss Monochrome The Animation,13,6.39,8705.0,3486,2013-10-02,2013-12-25,2013.0,"Miss Monochrome is an android powered by a single AA battery. She lives with her only friend, a robot vacuum named Ruu-chan. With hopes of one day meeting the idol Kikuko, whom she has bizarre recurring dreams about, Miss Monochrome sets foot on the path to stardom. However, she experiences difficulties and struggles to make her own debut as an idol. Though Miss Monochrome's methods seem bizarre, such as recruiting her manager from a convenience store, somehow her dedication always results in her standing out from the crowd and shining in the spotlight.

[Written by MAL Rewrite]",tv,original,"Comedy, Idols (Female), Music","SANZIGEN, LIDENFILMS"
Idol Fantasy,1,5.31,13741.0,17006,2018-07-13,2018-07-13,2018.0,"An animated promotional video for Square Enix's mobile game Idol Fantasy. Within the game you the female manager Aoi Nishizono, and your job is to raise male idols to stardom in a heart-throbbing setting.",ona,game,"Idols (Male), Music, Strategy Game",Unknown
Hi-Fi Roman,1,6.26,,21790,2023-08-16,2023-08-16,2023.0,Music video directed by banishment for the song Hi-Fi Roman by Akihito Okano.,music,original,"Action, Music",Flat Studio
SoniAni: Super Sonico The Animation,12,6.11,10329.0,2484,2014-01-06,2014-03-24,2014.0,"Super Sonico is a clutzy, adorable, and well-endowed 18-year old girl. She's a complete sucker for anything cute, especially stray cats, all of which she giddily adopts. However, though Sonico should be enjoying a carefree and simple lifestyle as a young college student, her life is really anything but easy: she must balance being a professional model, working part-time at her grandmother's restaurant, and practicing guitar and performing concerts with her friends Suzu Fujimi and Fuuri Watanuki in their band, First Astronomical Velocity—all while attending college. SoniAni: Super Sonico the Animation follows Sonico as she faces daunting challenges in her search for her place in the world, even when her days are brimming with love and happiness.

[Written by MAL Rewrite]",tv,other,"Adult Cast, Comedy, Music",White Fox
Fantasy,1,4.83,14490.0,15842,2012,2012,2012.0,Short animation by Komazaki Tomomi.,movie,original,Avant Garde,Unknown
Kaguya-sama wa Kokurasetai: Ultra Romantic,13,8.96,16.0,165,2022-04-09,2022-06-25,2022.0,"The elite members of Shuchiin Academy's student council continue their competitive day-to-day antics. Council president Miyuki Shirogane clashes daily against vice-president Kaguya Shinomiya, each fighting tooth and nail to trick the other into confessing their romantic love. Kaguya struggles within the strict confines of her wealthy, uptight family, rebelling against her cold default demeanor as she warms to Shirogane and the rest of her friends.

Meanwhile, council treasurer Yuu Ishigami suffers under the weight of his hopeless crush on Tsubame Koyasu, a popular upperclassman who helps to instill a new confidence in him. Miko Iino, the newest student council member, grows closer to the rule-breaking Ishigami while striving to overcome her own authoritarian moral code.

As love further blooms at Shuchiin Academy, the student council officers drag their outsider friends into increasingly comedic conflicts.

[Written by MAL Rewrite]",tv,manga,"Comedy, Romance, School, Seinen",A-1 Pictures
Dance in the Vampire Bund,12,6.96,5148.0,1155,2010-01-07,2010-04-01,2010.0,"On live television, Mina Tepes, the ruler of all vampires, reveals the existence of her species to the world and states her plan to build a sanctuary in Japan for vampires, called the Vampire Bund. Using her family's wealth to pay off the nation's debt, they have agreed to let her build this safe-haven for her fellow creatures of the night. But not everyone is so easily swayed by Mina's influence, as her announcement brings about conflict with humans who believe that the queen's quest for peace is a façade.

Akira Kaburagi does not believe in vampires and gets uneasy whenever they are brought up, although he has yet to realize why. Apart from suffering a head injury a year ago, he lives on blissfully until he meets Mina. She triggers within him memories of a life he had long forgotten, and he soon begins protecting her without understanding why. But Akira's secret is far stranger than he could have ever thought possible—he discovers that he is a werewolf, sworn from birth to protect the vampire queen, even if it costs him his life. Now, as these two dance a rondo of death in the Vampire Bund, Mina and Akira find out just how deep their bond goes.

[Written by MAL Rewrite]",tv,manga,"Action, Drama, Romance, Seinen, Supernatural, Vampire",Shaft
Follow Your Fantasy,1,6.53,,14426,2021-12-17,2021-12-17,2021.0,"Witness stunning animation featuring Cygames all-stars locked in a blood-pumping action sequence. The characters come from both games and anime produced by the company, which celebrated its 10th anniversary in May 2021. This video is a collaboration between CygamesPictures, Inc. and SCOOP Music. Together, they bring us a vivid crystallization of Cygames magic. Keep your eyes peeled for more exciting content from Cygames as it pursues its corporate vision of being ""the best in entertainment.""

(Source: Official Youtube Channel)",music,original,Music,CygamesPictures
Saredo Tsumibito wa Ryuu to Odoru,12,5.81,11891.0,3315,2018-04-06,2018-06-22,2018.0,"It is a world replete with dragons and Jushiki sorcerers. Jushiki is a devastatingly powerful formula that can alter the laws of physics, capable of creating enormous TNT explosives or poisonous gas through plasma and nuclear fusion. A down-on-his-luck sorcerer named Gayus joins forces with the beautiful but cruel Jushiki practitioner, Gigina, as bounty hunters pursuing dragons. Then one day, they are presented with an odd request: to serve as security guards for a grand festival put on by Mouldeen, the ruler of their kingdom. It is then that a mysterious serial killing of Jushiki sorcerers begins.

(Source: TBS Global Business)",tv,light_novel,"Action, Drama, Fantasy, Sci-Fi",Seven Arcs Pictures
Abstractions Void,1,6.14,,21161,2023-03-24,2023-03-24,2023.0,Music video for the song Abstractions Void by KOKO.,music,original,Music,Unknown
Mushoku Tensei: Isekai Ittara Honki Dasu,11,8.33,291.0,84,2021-01-11,2021-03-22,2021.0,"Despite being bullied, scorned, and oppressed all of his life, a 34-year-old shut-in still found the resolve to attempt something heroic—only for it to end in a tragic accident. But in a twist of fate, he awakens in another world as Rudeus Greyrat, starting life again as a baby born to two loving parents.

Preserving his memories and knowledge from his previous life, Rudeus quickly adapts to his new environment. With the mind of a grown adult, he starts to display magical talent that exceeds all expectations, honing his skill with the help of a mage named Roxy Migurdia. Rudeus learns swordplay from his father, Paul, and meets Sylphiette, a girl his age who quickly becomes his closest friend.

As Rudeus' second chance at life begins, he tries to make the most of his new opportunity while conquering his traumatic past. And perhaps, one day, he may find the one thing he could not find in his old world—love.

[Written by MAL Rewrite]",tv,light_novel,"Adventure, Drama, Ecchi, Fantasy, Isekai, Reincarnation",Studio Bind
Attraction,1,5.95,11128.0,12017,2010-11-16,2010-11-16,2010.0,"Interactive anti-smoking anime. Directed by Koji Morimoto (best known for Studio 4°C works), this ONA is available in Japanese, English, and French.",ona,original,Mystery,Studio 4°C
Gunslinger Stratos The Animation,12,6.05,10645.0,2860,2015-04-04,2015-06-20,2015.0,"A.D. 2115—the island nation once called Japan is now known as the ""17th Far East Imperial City Management District.""

The citizens were promised a life of peace in exchange for some of the comfort they were used to having. People believed their lives would never change and tomorrow will be the same as today. No one suspected the impending doom which their society was about to face.

""Degradation""—a rare disease which led to the total disintegration of the human body to a mere pile of sand was slowly but surely spreading throughout the world.

Tohru Kazasumi, an ordinary student becomes embroiled in a multi universal battle between his world and the parallel world of ""Frontier S (Stratos)."" This meant that Tohru must fight himself from an alternate world.

Their futures collide as their paths cross.

Will both worlds ever find peace?

(Source: Aniplex USA)",tv,game,"Action, Sci-Fi",A-1 Pictures
Sword Art Online: Alicization,24,7.58,1856.0,149,2018-10-07,2019-03-31,2018.0,"The Soul Translator is a state-of-the-art full-dive interface which interacts with the user's Fluctlight—the technological equivalent of a human soul—and fundamentally differs from the orthodox method of sending signals to the brain. The private institute Rath aims to perfect their creation by enlisting the aid of Sword Art Online survivor Kazuto Kirigaya. He works there as a part-time employee to test the system's capabilities in the Underworld: the fantastical realm generated by the Soul Translator. As per the confidentiality contract, any memories created by the machine in the virtual world are wiped upon returning to the real world. Kazuto can only vaguely recall a single name, Alice, which provokes a sense of unease when mentioned in reality.

When Kazuto escorts Asuna Yuuki home one evening, they chance upon a familiar foe. Kazuto is mortally wounded in the ensuing fight and loses consciousness. When he comes to, he discovers that he has made a full-dive into the Underworld with seemingly no way to escape. He sets off on a quest, seeking a way back to the physical world once again.

[Written by MAL Rewrite]",tv,light_novel,"Action, Adventure, Fantasy, Video Game",A-1 Pictures
Yahari Ore no Seishun Love Comedy wa Machigatteiru. Kan,12,8.35,282.0,274,2020-07-10,2020-09-25,2020.0,"Resolved to become a more independent person, Yukino Yukinoshita decides to smoothen things out with her parents, and the first step toward achieving that goal is to prove herself.

As graduation draws closer for the third-year students, Iroha Isshiki—the president of the student council—requests a graduation prom in collaboration with the Volunteer Service Club. Yukino accepts this request of her own volition, hoping to use it as a chance to demonstrate her self-reliance, but what lies ahead of her may prove to be a hard hurdle to cross.

Yahari Ore no Seishun Love Comedy wa Machigatteiru. Kan revolves around the graduation prom as emotions are poured into the preparations for the event. At the same time, a chance for the Volunteer Service Club members to better understand each other presents itself. And thus, Hachiman Hikigaya's hectic and bittersweet high school life begins to draw to a close.

[Written by MAL Rewrite]",tv,light_novel,"Comedy, Love Polygon, Romance, School",feel.
Tsubasa: Tokyo Revelations,3,8.27,356.0,2367,2007-11-16,2008-03-17,2007.0,"Continuing their journey from Record Country (the place that held the book of memories), Syaoran and company land into Tokyo Country, a blood-filled country under war from opposing factions for natural resources and survival. While reluctantly involved in the race to live, the group faces their own problems as certain revelations are made, changing their journey forever.

A shocking betrayal and a battle that risks all of their lives. After this revelation, they will never be the same again.",ova,manga,"Action, Adventure, Drama, Fantasy, Romance, Shounen",Production I.G
ef: A Tale of Memories. - Recollections,1,7.25,3482.0,6310,2008-09-26,2008-09-26,2008.0,"Asou Renji comes back at the station with Chihiro, after the events of ef - a tale of memories. They recollect various moments in this 'summary' of the first season of ef, with special new intermissions.

(Source: Animeka)",special,visual_novel,"Drama, Love Polygon, Mystery, Romance",Shaft
Romantic Killer,12,7.91,907.0,956,2022-10-27,2022-10-27,2022.0,"Anzu Hoshino needs only three things in her life: video games, chocolate, and her beloved cat. Unlike other high school girls, Anzu has no time for or interest in romance. But as she begins playing a poorly programmed 3D otome game, a bizarre flying wizard named Riri emerges from the screen and calls Anzu ""subject one,"" the first person who will experience a dating game harem storyline in real life.

Despite Anzu's fiery protests, Riri confiscates her favorite things to force her to focus on love. Riri orchestrates a series of unlucky incidents and romantic cliches that lead her to meet Tsukasa Kazuki, one of the most attractive boys in her school. Still enraged, Anzu is adamant about resisting Tsukasa's charm. As all the ridiculous fabricated scenarios help Anzu warm up to Tsukasa's pleasant nature, Riri throws other stereotypical pretty boys her way—and avoiding romance quickly becomes almost impossible.

[Written by MAL Rewrite]",ona,manga,"Comedy, Parody, Reverse Harem, Romance, Shounen, Supernatural",domerica
Highlander: The Search for Vengeance,1,6.73,6549.0,5399,2008-07-05,2008-07-05,2008.0,"Colin MacLeod, the immortal Scottish Highlander, travels with the wise-cracking ghost Amergan in search of the immortal despot Marcus Octavius, who killed Colin's lover on the Celtic plains centuries earlier. The once great city of New York is now submerged under water, with only one dominant fortress towering over the sea, the fortress of Marcus Octavius. MacLeod is torn between saving the survivors of New York and hunting down his nemesis.

(Source: ANN)",movie,other,"Action, Horror, Sci-Fi",Madhouse
One Piece: Romance Dawn Story,1,7.33,3008.0,3307,2008-11-24,2008-11-24,2008.0,"The Straw Hat Pirates, searching for the great passage ""Grand Line"", are in trouble when their food runs out! Luffy, searching for food on his own, finds a ship belonging to the pirate, Gally, and takes it over!! He lands at a nearby town...

Luffy was attacked by a young girl, Silk, who mistook him for a member of the other pirate gang. As the two eat a meal, they tell their stories. Meanwhile, Gally and his band are burning with anger at Luffy, demanding payment from the town's defenseless citizens...!!

(Source: Jumpland)",ova,manga,"Action, Adventure, Fantasy, Shounen",Toei Animation
Code Geass: Fukkatsu no Lelouch,1,7.91,898.0,807,2019-02-09,2019-02-09,2019.0,"Since the demise of the man believed to be Britannia's most wicked emperor one year ago, the world has enjoyed an unprecedented peace under the guidance of the United Federation of Nations. However, this fragile calm is shattered when armed militants successfully kidnap former princess Nunnally vi Britannia and Suzaku Kururugi, the chief advisor of the Black Knights, sparking an international crisis.

The powerful and untrustworthy Kingdom of Zilkhstan is accused of orchestrating their capture. To investigate, world authorities send Kallen Stadtfeld and her associates on a covert operation into the country. There, they encounter the immortal witch C.C., who is on a mission to complete the resurrection of the man responsible for the greatest revolution in history—a legend who will rise up, take command, and save the world from peril once again.

[Written by MAL Rewrite]",movie,original,"Drama, Mecha, Military, Sci-Fi, Super Power",Sunrise
Eromanga-sensei,12,6.31,9176.0,302,2017-04-09,2017-06-25,2017.0,"One year ago, Sagiri Izumi became step-siblings with Masamune Izumi. But the sudden death of their parents tears their new family apart, resulting in Sagiri becoming a shut-in which cut her off from her brother and society.

While caring for what's left of his family, Masamune earns a living as a published light novel author with one small problem: he's never actually met his acclaimed illustrator, Eromanga-sensei, infamous for drawing the most lewd erotica. Through an embarrassing chain of events, he learns that his very own little sister was his partner the whole time!

As new characters and challenges appear, Masamune and Sagiri must now face the light novel industry together. Eromanga-Sensei follows the development of their relationship and their struggle to become successful; and as Sagiri slowly grows out of her shell, just how long will she be able to hide her true persona from the rest of the world?

[Written by MAL Rewrite]",tv,light_novel,"Comedy, Ecchi, Otaku Culture, Romance",A-1 Pictures
Final Fantasy: Unlimited,25,6.21,9735.0,4101,2001-10-02,2002-03-26,2001.0,"Years ago, the opening of an interdimensional portal released two beasts into the skies over the Sea of Japan, visible to all the countries along the coast. After destroying the naval patrol sent to investigate the disturbance, the two beasts then turned against each other.

Witnessing the fight from Japan, scientists Joe and Marie Hayakawa were sucked into the rift. Upon returning to Earth, they compiled and published the academic findings from their voyage in a legendary book titled ''Day of Succession''. Attempting a second expedition to that other dimension twelve years later, the couple have not returned.

Twins Ai and Yu Hayakawa decide to set forth in search of their parents and the mysterious Wonderland they studied. In the ruins of an abandoned subway station, the two wait for a train to take them to the world beyond. On board they meet Lisa Pacifist, who quickly decides to aid the two in the search for their missing family. Can the three of them manage to find Joe and Marie?

[Written by MAL Rewrite]",tv,game,"Action, Adventure, Fantasy, Sci-Fi",Gonzo
The Reflection,12,5.12,14131.0,4643,2017-07-22,2017-10-07,2017.0,"After the Reflection, some of the people in all parts of the world are discovered with super powers. Some become heroes, and others villains. How did the Reflection happen? What was the cause of it? With many unsolved mysteries, the world is led into turmoil.",tv,original,"Action, Super Power",Studio Deen
Log Horizon: Entaku Houkai,12,7.08,4545.0,1049,2021-01-13,2021-03-31,2021.0,"Third season of Log Horizon.

It's been a year since Shiroe and his friends were trapped in Akiba due to the Catastrophe. Their forging of the Round Table has brought order and prosperity to its people. But fracturing political alliances and the constant menace of the Genius monsters threaten to destabilize all they've fought for and built. Can faith be restored and they persevere, or is its destruction truly inevitable?

(Source: Funimation)",tv,light_novel,"Action, Adult Cast, Adventure, Fantasy, Video Game",Studio Deen
Kaguya-sama wa Kokurasetai: Ultra Romantic Teaser PV - Ishigami Yuu wa Kataritai,1,8.13,,3137,2021-10-21,2021-10-21,2021.0,"Every Thursday, Shuchiin Academy student council secretary Yuu Ishigami can be found in a state of anxiety. He counts down the hours until he can escape to the student council chamber to read the latest chapter of the popular seinen manga series, ""Momo Doesn't Think."" Joining Ishigami in his weekly reading, student council president Miyuki Shirogane swiftly grows excited at the news of a third season of the manga's anime adaptation.

However, it is only a matter of time before vice president Kaguya Shinomiya discovers what has been engrossing the two boys. With the stigma of being labeled an otaku looming over his head, Shirogane must do everything he can to keep his embarrassing secret from coming to light.

[Written by MAL Rewrite]",pv,manga,"Comedy, School, Seinen",A-1 Pictures
Oda Nobuna no Yabou,12,7.35,2908.0,904,2012-07-09,2012-09-24,2012.0,"High school student Yoshiharu Sagara wakes up and finds himself in the middle of a raging Sengoku period battle. He is saved by the legendary Hideyoshi Toyotomi, but at the cost of the hero's life. With his dying breath, the warrior pleads for Yoshiharu to become a feudal lord in his place. Now that the course of history has been changed, Yoshiharu pledges to keep the timeline from diverging any further. Yet, after rescuing Nobuna Oda—whom he discovers is actually the fabled Nobunaga Oda's female counterpart—Yoshiharu realizes he has been transported to an alternate reality where most of Japan's historical warlords are now cute girls!

To set things right and find a way back home, Yoshiharu agrees to become one of Nobuna's retainers and assist her in a conquest of Japan. As Nobuna initiates her campaign, Yoshiharu discovers that the history he learned from playing the video game ""Nobunaga's Ambition"" allows him to predict future events and turn the tide of war. Using this invaluable gift to aid the Oda clan's beautiful generals, Yoshiharu hopes to help his new lord fulfill her dream and win the hearts of women everywhere.

[Written by MAL Rewrite]",tv,light_novel,"Action, Comedy, Harem, Historical, Military, Romance, Time Travel","Madhouse, Studio Gokumi"
Fugou Keiji: Balance:Unlimited,11,7.51,2147.0,553,2020-04-10,2020-09-25,2020.0,"Daisuke Kanbe, a man of extraordinary wealth, is assigned to the Modern Crime Prevention Headquarters as a detective. It is there that he gets partnered with Haru Katou, a humane detective who values justice above all. The two are polar opposites, and their morals clash time and time again. Haru despises Daisuke for using monetary wealth to solve cases, as he believes that money is not everything. They will have to combine their efforts, however, to solve the mysteries that are coming their way.

[Written by MAL Rewrite]",tv,novel,"Adult Cast, Detective, Mystery",CloverWorks
Crayon Shin-chan Movie 01: Action Kamen vs. Haigure Maou,1,7.09,4464.0,7040,1993-07-24,1993-07-24,1993.0,"By finding a rare Action Kamen card, Shinnosuke Nohara and his family end up being chosen to go to a parallel world and help foil an alien invasion that is occurring over there. 

(Source: ANN)",movie,4_koma_manga,"Action, Adventure, Comedy, Seinen",Shin-Ei Animation
Taishou Roman,1,6.87,,14503,2021-09-16,2021-09-16,2021.0,Music video for the song Taishou Roman by YOASOBI.,music,novel,"Music, Romance",Shaft
TWO-MIX: White Reflection,1,6.76,,11596,1997-03-13,1997-03-13,1997.0,"A music video to Two-Mix's ""White Reflection""; the group, in animated form, notices a strange light and follows it to various locations.",music,music,Music,OLM
Nagato Yuki-chan no Shoushitsu: Owarenai Natsuyasumi,1,6.69,6846.0,4859,2015-10-26,2015-10-26,2015.0,Extra episode of Nagato Yuki-chan no Shoushitsu bundled with the limited edition of the 9th manga volume.,ova,manga,"Comedy, Seinen",Satelight
Miss Monochrome The Animation 2,13,6.51,7973.0,5300,2015-07-03,2015-09-25,2015.0,"The Ultra Super Pictures Special Stage event announced at AnimeJapan 2015 on Saturday that the Miss Monochrome television anime series will receive a second season. The season will run within the 30-minute Ultra Super Anime Time block beginning on July 3, 2015.

(Source: ANN)",tv,original,"Comedy, Idols (Female), Music","SANZIGEN, LIDENFILMS"
Kowloon Generic Romance,13,7.34,2935.0,1724,2025-04-05,2025-06-28,2025.0,"With its flickering streetlights, moldy back alleys, and noisy populace, the Second Kowloon Walled City, despite the squalor of its already-demolished predecessor, evokes a special kind of nostalgia that its residents find endearing. Amidst the walls of this fading yet beloved landscape lives Reiko Kujirai, a 32-year-old realtor deeply in love with her coworker, Hajime Kudou, who is two years her junior. Though they have their differences, the two get along well enough to experience the joys of the walled city together.

However, everything starts to fall apart when Kudou, half-asleep, suddenly kisses Kujirai—seemingly reciprocating the feelings she has yet to confess. But when Kudou explains that he had mistaken her for someone else, Kujirai finds herself drawn into a series of events that lead her to a past she cannot remember.

[Written by MAL Rewrite]",tv,manga,"Adult Cast, Mystery, Romance, Sci-Fi, Seinen",Arvo Animation
Persona 5 the Animation,26,6.45,8344.0,1007,2018-04-08,2018-09-30,2018.0,"Ren Amamiya, a new transfer student at Shujin Academy, is sent to Tokyo to live with his family friend Sojiro Sakura after wrongly being put on probation for defending a woman from sexual assault. While on the way to attend his first day at his new school, Ren notices a strange app has appeared on his phone, transferring him to a world known as the Metaverse, which contains people's ""shadows"": distorted depictions of their true selves. In the Metaverse, he awakens his Persona, a power from deep within that gives him the strength to fight the shadows. With the help of similarly troubled students, he forms the Phantom Thieves of Hearts, attempting to save people from their sinful desires by ""taking their heart,"" making evildoers regret their actions and turn over a new leaf. The group's reputation continues to grow explosively, bringing along fame both positive and negative.

However, during the peak of their popularity, Ren gets captured and taken into custody. Here, he wakes up to a harsh interrogation, but this is cut short by the arrival of Sae Niijima—a prosecutor seeking answers. Just how will she react to his story, and what will become of the Phantom Thieves? 

[Written by MAL Rewrite]",tv,game,"Action, School, Super Power",CloverWorks
ACCA: 13-ku Kansatsu-ka - Regards,1,7.15,4100.0,5589,2020-02-14,2020-02-14,2020.0,"The new order of ACCA will soon hold its first-anniversary celebration. To ensure every district is prepared for the festival, Jean Otus—acting as a representative for ACCA's inspection department—is called to travel across the Kingdom of Dowa and help with the arrangements. However, he feels that in times of peace, he cannot relate to his subordinate Parrot, who believes that another betrayal against Dowa is near certain.

Meanwhile, work leaves Jean no time to dedicate to his little sister Lotta and the unexpected predicament she seems to be hiding from him. Their best friend, Niino, decides to involve himself and looks for a way to support Lotta. Although Jean believes that Dowa is in no immediate danger, he must ease Parrot's suspicions before the festival and wait for Lotta to open up to him on her own.

[Written by MAL Rewrite]",ova,manga,"Adult Cast, Detective, Drama, Mystery, Seinen",Madhouse
Ousama Game The Animation,12,5.08,14198.0,1051,2017-10-05,2017-12-21,2017.0,"It can be rough transferring to a new school—even more so if you do not want to make any friends, like Nobuaki Kanazawa. But the reason for his antisocial behavior soon becomes clear when his class receives a text from someone called ""The King."" Included are instructions for the ""King's Game,"" and all class members must participate. Those who refuse to play, quit halfway, or do not follow an order in the allotted time of 24 hours will receive a deadly punishment.

Having played the game before and watched as those around him died, Nobuaki tries to warn his clueless classmates. Unfortunately, they only believe him after the King's Game claims its first casualties. Stuck in a horrific situation with no chance of escape, Nobuaki has a choice: put his own survival above those around him, or do what he could not before and save his classmates.

[Written by MAL Rewrite]",tv,novel,"Drama, Gore, High Stakes Game, Horror, Mystery, School, Survival, Suspense",Seven
Blue Reflection Ray Special,1,5.8,11911.0,12978,2021-07-03,2021-07-03,2021.0,Recap of the first 12 episodes of Blue Reflection Ray.,tv_special,game,"Action, Mahou Shoujo, School",J.C.Staff
A.I.C.O. Incarnation,12,6.55,7683.0,2041,2018-03-09,2018-03-09,2018.0,"In 2035, an incident known as “The Burst” occurs at a Japanese research facility,  giving birth to the rapidly expanding, consuming, and self-replicating ""Matter."" Snaking its way through the remains of dams and military facilities in the Kurobe Gorge, the hostile Matter is besieged by task forces trying to prevent it from reaching the ocean and mercenaries seeking the truth behind its existence.

Aiko Tachibana lives under constant medical surveillance after being rescued from the Matter. She spends her days waiting out her recovery by making paper planes. Soon, her daily life at school is disturbed by the arrival of transfer student Yuuya Kanzaki, who proceeds to point out a number of inconsistencies regarding her body. Why is she never injured, and why does she suddenly no longer need her wheelchair? He claims that there is more to her existence than she has been led to believe, and that she alone holds the key to ending The Burst.

With many factions now interested in Aiko, she and Yuuya must gather allies and embark on a dangerous pilgrimage into the heart of the infested gorge before the net can close around them. To escape the conspiracy moving against them, the pair must face off against the Matter—an enemy that flows like water.

[Written by MAL Rewrite]",ona,original,"Action, Sci-Fi",Bones
Digimon Adventure: Last Evolution Kizuna,1,8.19,454.0,3154,2020-02-21,2020-02-21,2020.0,"As the Chosen Children and their partner Digimon live happily together in the human world, Taichi Yagami and Yamato Ishida, alongside their friends, dedicate themselves to maintaining this hard-earned peace. Though united by this innate responsibility, each one has already started to take their first steps toward a future beyond being a Chosen Child. 

However, this new journey is interrupted by the appearance of Menoa Bellucci, an American professor specializing in Digimon research. She bears news of several Chosen Children from around the world being found comatose, with their partner Digimon nowhere to be found. Menoa's investigations indicate that a new breed of Digimon is behind the alarming phenomenon: Eosmon, who hides within the internet's depths. 

To succeed in this mission, the team must endeavor through the growing distance between them and band together one last time.

[Written by MAL Rewrite]",movie,original,"Action, Adventure, Comedy, Drama",Yumeta Company
Ginga Eiyuu Densetsu: Die Neue These - Kaikou,12,7.81,1132.0,2294,2018-04-03,2018-06-26,2018.0,"For over a century and a half, two interstellar states have wrested for control of the Milky Way. The Galactic Empire, an absolute monarchy ruled by Kaiser Friedrich IV and an entrenched nobility, seeks to suppress the rebels daring to oppose the inviolable crown. The Free Planets Alliance, a representative democracy led by a corrupt High Council, degenerates as its elected leaders⁠ use war and conflict as a way to win popular support.

But this long-standing stalemate between the Empire and the Alliance ends with the rise of two opposing military geniuses. Reinhard von Lohengramm, a minor noble and High Admiral of the Empire through his strategic brilliance and his sister's position as the favored concubine of the Kaiser, dreams of conquering the galaxy and uniting mankind under his iron fist. Meanwhile, Yang Wen-li of the Alliance, an avid historian and reluctant commodore hailed as the Hero of El Facil, uses his tactical prowess to navigate around his leaders' incompetence—and to carve the path to lasting peace. As the war rages on, Reinhard and Yang each strive for their ideals and to secure their place among the stars as the leaders of a new era of galactic heroes.

[Written by MAL Rewrite]",tv,novel,"Adult Cast, Drama, Military, Sci-Fi, Space",Production I.G
Evangelion Movie 2: Ha,1,8.3,317.0,423,2009-06-27,2009-06-27,2009.0,"When the threat of the Angel menace escalates, mankind's defense force is pushed to its limits, with NERV at the forefront of the struggle. Shinji Ikari and his partner Rei Ayanami are assisted by two new pilots: the fiery Asuka Langley Shikinami and the mysterious Mari Illustrious Makinami.

With the aid of their mechanized Evangelion units, equipped with weapons perfect for engaging their monstrous opponents, the four young souls fight desperately to protect their loved ones and prevent an impending apocalypse. But when startling secrets are brought to light, will the heroes' greatest challenge prove to be the monsters...or humanity itself?

[Written by MAL Rewrite]",movie,original,"Drama, Mecha, Psychological, Sci-Fi, Suspense",Khara
Junjou Romantica 2,12,7.67,1520.0,1466,2008-10-12,2008-12-28,2008.0,The second part of Junjou Romantica continuing the story.,tv,manga,"Adult Cast, Boys Love, Comedy, Drama",Studio Deen
Walkure Romanze,12,6.31,9224.0,1776,2013-10-07,2013-12-23,2013.0,"Taking place at Winford Academy located in an old town called Helen's Hill, the story is all about knights and the sport of jousting. At this school, students learn how to become knights, ride horses and joust properly. The main character is a young man named Takahiro Mizuno who was training to become a knight and jouster but after suffering an injury he dropped out of the knight program and joined the begleiter (assistant) program instead. Due to his animal handling skills and former experience as a jouster, this makes him a hot commodity. Multiple beautiful girls in the school want him to become their personal begleiter, though Takahiro always refuses their offers.

One day a bizarre accident causes his friend, Mio Kisaski, to be challenged to a jousting duel despite her not actually being a knight. Takahiro agrees to become her temporary begleiter, but that ends up only being the beginning of their partnership as she enrolls in the annual tournament.",tv,visual_novel,"Ecchi, Harem, Romance, School, Sports",8bit
Shaman King (2021),52,6.91,5463.0,990,2021-04-01,2022-04-21,2021.0,"Shamans are extraordinary individuals with the ability to communicate with ghosts, spirits, and gods, which are invisible to ordinary people. The Shaman Fight—a prestigious tournament pitting shamans from all over the world against each other—is held every five hundred years, where the winner is crowned Shaman King. This title allows the current incumbent to call upon the Great Spirit and shape the world as they see fit.

Finding himself late for class one night, Manta Oyamada, an ordinary middle school student, decides to take a shortcut through the local cemetery. Noticing him, a lone boy sitting on a gravestone invites Manta to stargaze with ""them."" Realizing that ""them"" refers to the boy and his ghostly friends, Manta flees in terror. Later, the boy introduces himself as You Asakura, a Shaman-in-training, and demonstrates his powers by teaming up with the ghost of six-hundred-year-old samurai Amidamaru to save Manta from a group of thugs. You befriends Manta due to his ability to see spirits, and with the help of Amidamaru, they set out to accomplish You's goal of becoming the next Shaman King.

[Written by MAL Rewrite]",tv,manga,"Action, Adventure, Shounen, Supernatural",Bridge
Aria the Origination,13,8.48,172.0,1848,2008-01-08,2008-04-01,2008.0,"In the 24th century on the planet Aqua, three girls—Akari Mizunashi, Alice Carroll, and Aika S. Granzchesta—continue to work hard toward achieving their goal of becoming Prima Undines: professional tour guide gondoliers. Luckily, the girls have the guidance of the three best Prima Undines in Neo-Venezia—Alicia Florence, Athena Glory, and Akira E. Ferrari—who are known as the ""Water Fairies"" in honor of their skill. With their help, the young apprentices train hard and work to overcome any situations that they find themselves in.

As these three young girls experience both the joys and hardships of life, they do their best to improve as tour gondoliers in Neo-Venezia, a terraformed replica of Venice.

[Written by MAL Rewrite]",tv,manga,"Iyashikei, Sci-Fi, Shounen, Slice of Life",HAL Film Maker
MÄR,102,7.27,3369.0,3346,2005-04-03,2007-03-25,2005.0,"Dreaming of a magical world every night, the young Toramizu Ginta yearns to be able to go there. With only his friend Koyuki believing in his dreams, Ginta remains positive despite the slander he receives from others over his dreams. But his wishes are answered, as one day a large door appears in front of Ginta, summoning him to the land of MAR Heaven. In this land, the weapons known as ARMS exist. While initially Ginta greatly enjoyed the discovery of this magical world, he soon learns of the terrible wars that have once plagued MAR Heaven and the upcoming war that may soon appear.",tv,manga,"Action, Adventure, Comedy, Fantasy, Isekai, Shounen",SynergySP
Nanaka 6/17 Special,1,6.54,7785.0,12202,2003-06-17,2003-06-17,2003.0,Unaired series episode included in the DVD release.,special,manga,"Comedy, Drama, Romance, Shounen",J.C.Staff
Granblue Fantasy The Animation Season 2,12,6.76,6377.0,2874,2019-10-05,2019-12-28,2019.0,"On the run from the Erste Empire, Gran and the crew of the Grandcypher receive an offer to negotiate a ceasefire. Meeting at the neutral territory of Albion Citadel, they are welcomed and hosted by Vira Lillie: current Lord Commander of Albion and a friend of Katalina Alize from her officer training at Albion. Imperial General Furias grants the Skyfarers an official pardon, but fails to defuse the tense situation.

Given time to unwind, the Skyfarers attend a gala hosted by Vira to celebrate the arrival of the crew. However, tensions run high, as Furias and the Erste delegation remain at Albion even after the negotiations conclude. Learning about the existence of a Primal Beast on the island, the crew is shocked to discover a letter from Katalina announcing her resignation.

While Gran heads off to find their former comrade, Eugen and Rackam decide to investigate the Imperial presence on the island, suspecting a more sinister scheme lying up the Empire's sleeve.

[Written by MAL Rewrite]",tv,game,"Action, Adventure, Fantasy",MAPPA
Heroman,26,6.84,5856.0,3878,2010-04-01,2010-09-23,2010.0,"In California's Center City, shy but kindhearted Joseph Carter ""Joey"" Jones lives with his grandmother, working in a coffee shop. Though his family is financially burdened and he is bullied at school, he remains cheerful. A robotics enthusiast, he wants a top-of-the-line toy robot called a Heybo more than anything.

One day Joey and his friend Simon ""Psy"" Kaina come across a destroyed Heybo discarded by a group of rich kids. He takes it home and repairs it himself, excitedly naming it Heroman. However, one night Heroman is struck by lightning and comes to life, growing several times its size in the process.

That same night Center City is attacked by aliens called Skrugg whose attention was brought to Earth after Joey's acquaintance Professor Matthew Denton made attempts to contact them. Along with Joey, Heroman quickly heads to the scene of the attack, where he finds people in trouble, including his friend Lina Davis and her father. Using an arm-mounted controller, Joey is able to command Heroman to use superpowers to fight off the Skrugg and rescue civilians. As the aliens continue their invasion of Earth, the duo are the only ones separating humanity and destruction.

[Written by MAL Rewrite]",tv,original,"Mecha, Sci-Fi, Super Power",Bones
Otohime Connection,1,5.88,11521.0,13786,1991-12-01,1991-12-01,1991.0,"Special based on the manga by Ooya Kazumi, published in Betsukomi Flower Comics.

An all-male pop group doubles as a detective agency. The cute girl member of the agency is kidnapped when one of the men's past returns to trouble them all in the present.

(Source: sandg-anime)",ova,manga,"Drama, Mystery, Romance, Shoujo","Production I.G, animate Film"
Selection Project,13,7.3,3205.0,3625,2021-10-01,2021-12-24,2021.0,"Due to a weak heart, Suzune Miyama has remained bedridden for most of her childhood. However, despite her illness, she has always dreamed of becoming an idol. Eventually, her opportunity comes in the form of the seventh Selection Project—a brutal series of competitions best known as the starting point of the legendary idol Akari Amasawa.

Anxious but excited, Suzune enters the preliminary round of Selection Project. Though her singing dazzles the judges and her fellow competitors, Suzune is unfortunately overcome by her nerves and freezes up in the middle of her performance. She recovers quickly, but the stumble is great enough that she loses the winning spot and is disqualified.

Or so it seems—until Seira Kurusu, the girl Suzune lost to, announces that she plans to drop out of Selection Project, believing Suzune is a more talented singer and therefore deserves the right to compete. Suzune is caught off guard by the decision, but promises Seira that they will meet again as top idols. She prepares herself for the challenging obstacles that lie ahead.

[Written by MAL Rewrite]",tv,mixed_media,"Idols (Female), Music",Doga Kobo
Cestvs: The Roman Fighter,11,5.95,11131.0,5305,2021-04-15,2021-06-24,2021.0,"In the year 54 AD, 15-year-old slave fighter Cestvs desires one thing—an escape from his violent life. It is the wish Cestvs' owner has promised to grant him, but only after he wins 100 battles. However, Cestvs quickly comes to terms with the fact that, as a slave, his life is expendable. After the death of his friend, the possibility of freedom is the only thing keeping him going. With a burning ambition to attain it, Cestvs embarks on a journey to earn himself back, even if it means fighting other slaves for the entertainment of the public.

[Written by MAL Rewrite]",tv,manga,"Combat Sports, Drama, Historical, Seinen, Sports",Bandai Namco Pictures
Zankyou no Terror,11,8.08,623.0,124,2014-07-11,2014-09-26,2014.0,"Painted in red, the word ""VON"" is all that is left behind after a terrorist attack on a nuclear facility in Japan. The government is shattered by their inability to act, and the police are left frantically searching for ways to crack down the perpetrators. The public are clueless—until, six months later, a strange video makes its way onto the internet. In it, two teenage boys who identify themselves only as ""Sphinx"" directly challenge the police, threatening to cause destruction and mayhem across Tokyo. Unable to stop the mass panic quickly spreading through the city and desperate for any leads in their investigation, the police struggle to act effectively against these terrorists, with Detective Kenjirou Shibazaki caught in the middle of it all.

Zankyou no Terror tells the story of Nine and Twelve, the two boys behind the masked figures of Sphinx. They should not exist, yet they stand strong in a world of deception and secrets while they make the city fall around them, all in the hopes of burying their own tragic truth.

[Written by MAL Rewrite]",tv,original,"Detective, Mystery, Psychological, Suspense",MAPPA
Saikyou Bushouden: Sangoku Engi,52,6.83,5948.0,11066,2010-04-04,2011-03-27,2010.0,"Chinese-Japanese anime adaptation of the ""Romance of the Three Kingdoms"" classic novel.

Lui Bei embarks on a journey to quell the chaos that plagues his homeland, bringing with him his sworn brothers, Zhang Fei and Guan Yu. With only a small army and no land Lui Bei is forced to take a subservient role to other Generals, in order to keep him safe from those who continually come after his life.",tv,novel,Historical,"Future Planet, Beijing Huihuang Animation Company"
Saki: Zenkoku-hen,13,7.46,2369.0,4086,2014-01-06,2014-04-07,2014.0,"Saki Miyanaga, along with the rest of Kiyosumi High School's mahjong team, proceeds to the national level of the Interhigh Mahjong Championship. However, reaching the top will prove difficult as she faces opponents on par with and, quite possibly, exceeding her skills. Even so, she refuses to back down, vowing to stop at nothing to fulfill her goal: to see her sister face-to-face once more.

[Written by MAL Rewrite]",tv,manga,"School, Seinen, Slice of Life, Strategy Game",Studio Gokumi
Ansatsu Kyoushitsu,22,8.07,625.0,32,2015-01-10,2015-06-20,2015.0,"Tucked in the mountains near the elite Kunugigaoka Middle School lies a small derelict building that houses the delinquents and dropouts of Class 3-E. Looked down upon by their peers, the students in this class appear to have little hope in advancing their academic careers. That is, until the national government tasks them with eliminating the greatest threat to their planet: their new teacher. 

Having already destroyed the moon, the octopus-like professor—dubbed ""Koro-sensei""—has now threatened to destroy the Earth by March of the following year. In light of their mission, the students have found that killing him is easier said than done. Not only can Koro-sensei move at speeds of up to Mach 20, but he can also resist almost every earthly weapon. Ironically, he also proves to be one of the best teachers Class 3-E has ever had. Training the class to excel in both their studies as students and skills as assassins, Koro-sensei is confident that his students' ingenuity and indomitable will could return them to the main campus. 

Through trial and error, Nagisa Shiota, as well as the other students of Class 3-E, must figure out Koro-sensei's weaknesses—and fast, for the very fate of the world depends upon it.

[Written by MAL Rewrite]",tv,manga,"Action, Comedy, School, Shounen",Lerche
Pianoman,1,6.31,9205.0,13174,2020-01-17,2020-01-17,2020.0,"The still, white space expands as far as the eye can see. A man who's lost his memory awakens. An enormous door stands before him, and there's an old temple in the distance. The building seems to be calling to him, and the man approaches it. There's an old piano there. The moment he touches it, horrifying memories return to him. Who is this man, really? And what is the truth of this space...?

(Source: YouTube)",ona,original,"Fantasy, Music, Mythology, Psychological",Echoes
Akiba's Trip The Animation,13,6.49,8058.0,1675,2017-01-04,2017-03-29,2017.0,"Otaku siblings Tamotsu and Niwaka Denkigai are shopping in Akihabara when it is overrun by vampiric cosplaying monsters! These creatures, known as ""Bugged Ones,"" can possess anyone they bite and soon they begin causing mayhem across the city. As Tamotsu finds himself at the mercy of one of these creatures, he is rescued by the mysterious baseball bat-wielding Matome Mayonaka. Together, they fight through several more encounters with the Bugged Ones, but before long, Tamotsu is fatally wounded protecting Matome. With no other choice, she revives him as a high level Bugged One—just like her! 

Tamotsu and Matome, along with excitable otaku cosplayer Arisa Ahokainen, make up the group ""The Electric Mayonnaise"" and they begin dispatching the Bugged Ones in the only way they know how: by ripping off their clothes and exposing them to sunlight!

[Written by MAL Rewrite]",tv,game,"Action, Comedy, Ecchi, Fantasy, Otaku Culture, Parody, Urban Fantasy",Gonzo
Hello Kitty: Ringo no Mori no Fantasy,13,6.05,10649.0,13839,2006-04-04,2006-09-19,2006.0,"Kitty and Mimmy come upon the Apple Forest thanks to the help of a forest fairy. The fairy kingdom welcomes them as the ""Twin Heroines"" and ask that they save the princess. The key to the rescue is a golden apple and so the sisters' adventure begins.",tv,,"Comedy, Fantasy, Kids",Asahi Production
Happy☆Lesson Advance,13,6.81,6058.0,5919,2003-07-03,2003-09-28,2003.0,"Hitotose Chitose is now living together with his 5 teachers as his mothers when a mysterious girl appears and becomes their neighbor which turns out that that person is Nagatsuki Kuron who wants Mu-chan to be her mother so another sibling rivalry ensues as to who would end up as Mu-chan's child. 

(Source: ANN)",tv,manga,"Comedy, Harem, Romance",Studio Hibari
Final Fantasy XV: Episode Ardyn - Prologue,1,6.6,7386.0,6600,2019-02-17,2019-02-17,2019.0,"In an age when gods walk alongside mankind, the world of Eos finds itself falling into darkness. Calamity befalls the human race when malevolent creatures known as ""daemons"" scourge the land and obliterate armies with seemingly unstoppable brute force. In these dire times, nobles of House Caelum rise to prominence. Owing to their god-given healing powers, which allow them to purge the plague spread by the monsters, they earn the people's trust and allegiance.

With no leader to rule the first human kingdom and guide the masses, the gods fervently seek to fill this vacancy—a man of the Caelum bloodline seems to be a desirable choice. The ambitious and charismatic pragmatist, Somnus Lucis Caelum, is pit against his humble and altruistic brother, Ardyn Lucis Caelum, in competition for the throne. As tensions rise between the rivals and anticipations surge, the fate of the world rests upon one of the two's decisive victory.

[Written by MAL Rewrite]",ona,game,Action,Satelight
Romantica Clock,3,5.68,12517.0,6339,2014-02-04,2014-02-25,2014.0,"Three episodes aired on TV as part of the Ribon x Oha Suta specials. 

Akane: She's beautiful and popular, lively and full of vitality; Aoi: Looks like a small animal but is actually very clever. Who knew that these two very different people were actually... twin siblings?! 

(Source: MU) 

Note: Episodes were made available on the official stream few days before the official broadcast.",special,manga,Shoujo,Unknown
Actors: Songs Connection,12,6.32,9100.0,5488,2019-10-06,2019-12-22,2019.0,"Tensho School is located in the 7th Ward of Thrive Central, where emphasis is put on extracurricular activities and all clubs participate in an annual fall singing contest. Having to delay the start of his school year due to his older sister's hospitalization, transfer student Saku Otonomiya finds himself struggling to adapt to his hectic new life. Balancing his part-time job and caring for his sister, he finds it difficult to make time to join a school club.

In preparation for the upcoming singing contest, the school's singing club wishes to use Sousuke Kagura's song ""Cloudy Days,"" but Kagura is reluctant to grant his permission. The song requires someone with a three-octave range to sing it and he believes that only a VOCALOID can meet the standards. He allows for the club to use his song on the condition that they can find someone who possesses that vocal range to properly sing it.

While racking his brain over the composition of his next song, Kagura stumbles upon Otonomiya singing ""Cloudy Days"" perfectly. He invites Otonomiya to form a unit with him for the competition. At the same time, the singing club tries to goad him into joining so they can use Kagura's song. As the contest inches closer, Otonomiya must overcome his uncertainty and decide who to team up with.

[Written by MAL Rewrite]",tv,music,"Music, School",Drive
Garo: Honoo no Kokuin,24,7.34,2932.0,1751,2014-10-04,2015-03-28,2014.0,"In the name of the king, the Valiante Kingdom launched hunts to exterminate users of witchcraft. Seventeen years later, their pursuit is still growing in both size and brutality. Unbeknownst to the citizens, the targets of these witch hunts are the secret protectors of humanity. Known as the Makai Knights and Alchemists, they have a strong will to protect people from Horrors, demons who possess souls plagued by sadness and pain.

One such Makai Knight is 17-year-old Leon Luis who inherits the legendary armor of the Golden Knight Garo from his mother. Though he possesses great power, he struggles to overcome the hatred he bears from his mother's death at the hands of the kingdom. His father German, known as Zoro the Shadow Cutting Knight, is still training Leon when he is called to investigate the upsurge of Horrors in the kingdom's capital. Although German knows Leon's will is wavering, he decides to bring Leon along to continue his training.

As German and Leon head to the capital, the king's amiable son Alfonso San Valiante struggles to find a solution to the growing Horror threat. But before he can do so, he is double-crossed and banished from his own kingdom. To return home, Alfonso sets out to find the help and strength he needs to reclaim the throne. During his search, he comes across Leon, whose interactions with the prince will forever change both of their fates.

[Written by MAL Rewrite]",tv,original,"Action, Fantasy",MAPPA
Ninja Collection,13,3.82,14904.0,5693,2020-07-13,2020-10-26,2020.0,"Set in modern-day Tokyo where dreams and desires are afloat, a group of ninjas called ""Toukeshuu"" is set to stop the spread of ""darkness"" that prevails in the world using ancient techniques passed down through generations.

(Source: MAL News)",tv,original,"Horror, Supernatural","ILCA, DRAWIZ, Toho Interactive Animation"
Fullmetal Alchemist: Brotherhood Specials,4,8.0,744.0,1624,2009-08-26,2010-08-25,2009.0,"1. Moumoku no Renkinjutsushi (The Blind Alchemist)
2. Simple na Hitobito (Simple People)
3. Sensei Monogatari (The Tale of Teacher)
4. Sore mo mata Kare no Senjou (Yet Another Man's Battlefield)",special,manga,"Action, Adventure, Drama, Fantasy, Military, Shounen",Bones
"Ore no Nounai Sentakushi ga, Gakuen Love Comedy wo Zenryoku de Jama Shiteiru",10,7.13,4257.0,633,2013-10-10,2013-12-12,2013.0,"For Kanade Amakusa, life as a high schooler should have been normal, and it would have been—if he wasn't living with the most ridiculous curse imaginable. ""Absolute Choice,"" a system forced upon him by a self-proclaimed god, randomly presents a mental selection of actions that he must act out based on his choice. To add to his dilemma, it tends to occur in the most public of places, and his options never seem to deviate from the rude and crude in nature.

As a result, the helpless boy stresses through each day, fumbling to repair his already tarnished reputation while desperately praying to avoid the next spontaneous episode of Absolute Choice. To his dismay, the one in charge is always one step ahead of him and proceeds to not-so-subtly ""choice"" him into the lives of several girls at his school. Just when Kanade's school life can't seem to be doomed any further, a decision that he reluctantly selects on the way home sends a beautiful girl crashing down from the sky, along with the promise of more hysterically hellish choices.

[Written by MAL Rewrite]",tv,light_novel,"Comedy, Harem, Romance, School",Diomedéa
Sword Gai The Animation Part II,12,5.74,12219.0,4364,2018-07-30,2018-07-30,2018.0,Part II of Sword Gai: The Animation.,ona,manga,"Action, Seinen, Supernatural","DLE, LandQ studios"
Mahoromatic: Automatic Maiden,12,7.16,4068.0,2971,2001-10-06,2001-12-29,2001.0,"Mahoro Andou is a powerful combat android designed by Vesper, a secret organization protecting the world against alien invaders. Unfortunately, her remaining operational time is running short. If she continues to fight, she will shut down in about one month. However, if she chooses to avoid combat, she can live freely for over a year.

Suguru Misato is a high school boy who lives alone in a large house left behind by his late parents. Like any other boy his age, he has trouble taking care of the house on his own, so he decides to enlist the help of a maid. His problem is solved in the most unexpected way: when a couple of thugs hijack the bus he is riding, a young, beautiful girl wearing a maid outfit saves the day. It turns out that this girl is Mahoro, who has chosen to live her remaining days as Suguru's new maid.

Mahoro makes the best of her remaining time and develops bonds with Suguru and his friends during their peaceful yet lively everyday interactions. However, Mahoro is hiding her true intentions behind becoming Suguru's maid, and it seems that their pasts are more intertwined than Suguru realizes.

[Written by MAL Rewrite]",tv,manga,"Comedy, Ecchi, Military, Romance, Sci-Fi, Seinen","Gainax, Shaft"
Itou Junji: Collection,12,6.59,7447.0,1373,2018-01-05,2018-03-23,2018.0,"In the light of day and in the dead of night, mysterious horrors await in the darkest shadows of every corner. They are unexplainable, inescapable, and undefeatable. Be prepared, or you may become their next victim.

Sit back in terror as traumatizing tales of unparalleled terror unfold. Tales, such as that of a cursed jade carving that opens holes all over its victims' bodies; deep nightmares that span decades; an attractive spirit at a misty crossroad that grants cursed advice; and a slug that grows inside a girl's mouth. Tread carefully, for the horrifying supernatural tales of the Itou Junji: Collection are not for the faint of heart.

[Written by MAL Rewrite]",tv,manga,"Drama, Horror, Mystery, Psychological, Supernatural, Suspense",Studio Deen
Propo Dance!,1,5.81,,16317,2021-07-08,2021-07-08,2021.0,Commercial for Rohto Pharmaceutical featuring Riku Nanase from IDOLiSH7.,cm,game,"Idols (Male), Music",DandeLion Animation Studio
Yahari Ore no Seishun Love Comedy wa Machigatteiru. Zoku,13,8.2,448.0,146,2015-04-03,2015-06-26,2015.0,"With the Volunteer Service Club now firmly established, it is receiving more requests from students in search of solutions to their various issues. However, the club members often struggle to see eye to eye when it comes to their problem-solving ideals. The suggestions that Hachiman Hikigaya recommends frequently clash with those of Yukino Yukinoshita, fracturing the relationships within the club. 

Despite their differences, with the trio constantly trying to find common ground, they may soon reach a point where they discover something genuine.

[Written by MAL Rewrite]",tv,light_novel,"Comedy, Love Polygon, Romance, School",feel.
"Dragon Ball Z Movie 15: Fukkatsu no ""F""",1,7.03,4799.0,1386,2015-04-18,2015-04-18,2015.0,"Earth is finally peaceful again, but this calm is short-lived. The remnants of Frieza's army, led by Sorbet and his right hand Tagoma, arrive on Earth in order to summon Shen Long with the goal of resurrecting their old master. To do so, they threaten Emperor Pilaf, Shuu, and Mai for the Dragon Balls in their possession.

Once successfully revived, Frieza—who had been stoking his hatred for Gokuu Son and Future Trunks in Hell—proclaims that he will not be content until they are dead by his hand. Sorbet informs him that Future Trunks has not been heard of in years, and Gokuu's power has far surpassed even that of the mighty Majin Buu. Unfazed, Frieza responds that he only requires a few months of training before being capable of defeating Gokuu.

Will Frieza be able to exact revenge upon his nemesis, or will Gokuu, Vegeta, and their friends prevail against adversity, saving Earth once more?

[Written by MAL Rewrite]",movie,manga,"Action, Adventure, Comedy, Fantasy, Martial Arts, Shounen",Toei Animation
Koukaku Kidoutai: Stand Alone Complex - Tachikoma na Hibi,26,7.11,4360.0,4881,2002-10-01,2003-03-25,2002.0,Tachikomatic Days is a series of comedic shorts attached to the end of every episode of Ghost in the Shell: Stand Alone Complex. The shorts feature the antics of the Tachikoma think tanks of Section 9 and usually involve plot points. The average short time is a little over a minute.,special,manga,"Comedy, Mecha, Sci-Fi",Production I.G
Brotherhood: Final Fantasy XV,5,6.9,5483.0,2552,2016-03-31,2016-09-18,2016.0,"Crown Prince of the Kingdom of Lucis, Noctis Lucis Caelum, sets out on a journey to Caem. His purpose is to meet with Lunafreya Nox Fleuret, an oracle and Noctis' childhood friend, in order to marry her. A strong and silent type, Noctis is accompanied by his friends and Royal Guard Gladiolus, Prompto, and Ignis. The four young men set out on a road trip across the continent in the king's personal convertible, the Regalia. Along the journey, each of them experience various situations which allow them to reflect on their past together, and strengthen their bonds for the future.

A prequel to the 2016 video game Final Fantasy XV, Brotherhood: Final Fantasy XV explores the relationships of its four main protagonists and the challenges awaiting them.

[Written by MAL Rewrite]",ona,game,Action,A-1 Pictures
Kingsglaive: Final Fantasy XV,1,7.38,2742.0,3138,2016-07-09,2016-07-09,2016.0,"For years, the Niflheim Empire and the kingdom of Lucis have been at war. The empire, having dominated most of the world of Eos, covets the power of the last known Crystal, which is held in Lucis' capital city, Insomnia.

In order to protect his people from these advancing forces, King Regis Lucis Caelum CXIII used the power of the Crystal to surround Insomnia with a magical wall. Along with this barrier, Regis assembled an elite military task force known as the Kingsglaive. By drawing their power from the king, the Kingsglaive protect Lucis' borders from the onslaught of the empire and other forces that would do them harm.

One such member of the Kingsglaive is Nyx, a man nicknamed ""The Hero"" by his fellow warriors due to his arrogance and desire to save everyone. However, his pride gets the better of him, causing him to disobey his captain's orders, resulting in a demotion. Now, Nyx spends his days guarding the city gates, but things begin to change once word gets out that Regis plans to sign a peace treaty with their sworn enemies.

[Written by MAL Rewrite]",movie,game,Action,Square Enix Visual Works
Hakuouki Movie 1: Kyoto Ranbu,1,7.62,1694.0,4571,2013-08-24,2013-08-24,2013.0,"Disguised as a boy, young Chizuru Yukimura leaves her quiet home and heads to Kyoto in search of her missing father—a medical doctor by the name of Koudou. She soon learns that the volatile capital city is a dangerous place to be in as she is ambushed by a pair of ronin while in the streets. Much to her horror, the ronin are slain right in front of her eyes by white-haired, red-eyed samurai, only to be quickly disposed of by three men from the Shinsengumi—a special police force who serve the shogun.

After the incident, Chizuru finds herself being taken into custody by the Shinsengumi for further questioning. Upon learning that her missing father is also the same man they are searching for, the chief allows her to stay in their care while they look for his whereabouts. While working as an assistant for second-in-command Toshizou Hijikata, Chizuru slowly discovers just how connected the troubling political environment of Kyoto and the demonic-looking white-haired samurai are to her.

[Written by MAL Rewrite]",movie,visual_novel,"Action, Drama, Historical, Josei, Samurai, Supernatural",Studio Deen
Final Fantasy VII: Advent Children,1,7.71,1394.0,1274,2005-09-14,2005-09-14,2005.0,"Two years ago, the world was changed forever. The young Cloud Strife and his band of friends may have defeated Sephiroth and thwarted his plan to crash a giant meteor into the Earth, but this victory was not without great cost. The highly populated city of Midgar was nearly ripped apart in the conflict. Fortunately, many of the city's citizens were able to evacuate to safety, and in the years afterward have formed a new home called Edge.

Final Fantasy VII: Advent Children revolves around Cloud and Tifa as they try to make new lives for themselves, as well as for those around them, in this new city. Together they run a courier service, and tend to their mutual friend Barret’s adopted daughter Marlene and a young orphan by the name of Denzel. Denzel, Cloud, and scores of children are suffering from a mysterious new illness called ""Geostigma.""

The children of the city have one other threat looming over their heads—a trio of powerful men are kidnapping infected kids for unknown reasons. Cloud is determined to save these young ones, not only from Geostigma, but from the kidnappers as well. He has no idea, however, that these men share a link to his old enemy, Sephiroth, and Cloud’s quest to vanquish them will bring him back into conflict with the demons of his past. If there is any hope in conquering these threats, it lays within the bonds of friendship between Cloud and his allies who saved the world once, and now must do so again.",movie,game,"Action, Fantasy",Square Enix Visual Works
World Destruction: Sekai Bokumetsu no Rokunin,13,6.94,5299.0,3425,2008-07-08,2008-09-30,2008.0,"Spinoff based on the Nintendo DS RPG game by SEGA, released in Japan July, 2008. 

In a world where humans serve as livestock for the ruling beastman, and where sand fills the roles of water and fire. Kyrie is recruited by the ""World Destruction Committee"" to assist in putting an end to their world. Kyrie alone holds the power needed to do it. 

(Source: AniDB)",tv,game,"Adventure, Fantasy",Production I.G
Najica Dengeki Sakusen,12,5.97,11055.0,5869,2001-10-05,2001-12-27,2001.0,"Najica Hiiragi, perfumer and secret agent, is sent out on a number of recovery missions to round up rogue humaritts, androids with combat abilities. Najica is assigned a humaritt partner, Lila, whom Najica is to groom as an agent and receive assistance from along the way. As Najica grows to accept Lila, each new mission they embark on reveals more and more about the capabilities and mysterious origins of the humaritts.

(Source: ANN)",tv,original,"Action, Comedy, Ecchi, Sci-Fi","Studio Fantasia, Amber Film Works"
Yahari Ore no Seishun Love Comedy wa Machigatteiru. OVA,1,7.59,1827.0,965,2013-09-19,2013-09-19,2013.0,"One morning, Hachiman Hikigaya contemplates the superfluous nature of marriage and its misleading image of happiness. However, he is forced into confronting his skepticism when the Volunteer Service Club is tasked with assisting a local municipal magazine advertise the allure of marriage to younger people. Unfortunately, neither the club's advisor, Shizuka Hiratsuka, nor the other club members have any firsthand experience with the subject. With only one week until the deadline, the group must quickly learn about the intricacies behind the special ceremony, even if they have to resort to more creative means!

[Written by MAL Rewrite]",ova,light_novel,"Comedy, Love Polygon, Romance, School",Brain's Base
Sengoku Collection,26,6.5,8047.0,4893,2012-04-06,2012-09-28,2012.0,"Sengoku Collection revolves around many samurai who are accidentally removed from a parallel universe inhabited by well-known historic characters. Unlike the historical war period known to us, all inhabitants in this unique world look like high school girls. Coming from the medieval era and finding themselves totally amazed by everything they encounter in modern day Tokyo, the girls become best friends through their adventures. 

(Source: Crunchyroll)",tv,game,"Comedy, Fantasy, Parody, Samurai",Brain's Base
Subarashiki Kono Sekai The Animation,12,6.16,10052.0,2802,2021-04-10,2021-06-26,2021.0,"One day in the bustling city of Shibuya, a boy named Neku Sakuraba finds himself holding two black pins that enable him to read the minds of people around him. However, these pins also give him the ability to see the ""Noise,"" hostile creatures capable of ""erasing"" people from existence. After discovering that he is trapped within the confines of the city, Neku receives a message regarding a mission that will nevertheless erase him should he fail. 

While trying to fend off a Noise attack, Neku meets a girl named Shiki Misaki who asks him to form a partnership pact with her to fight against the monsters. Shiki explains that she and Neku have become ""Players"" participating in the ""Reaper's Game""—an event spanning over seven days, each featuring a different mission.

As Neku and Shiki both strive to survive each day that passes, they begin to meet other Players and Reapers alike, battle stronger Noise, and learn the truth behind the mystery that this game is shrouded in.

[Written by MAL Rewrite]",tv,game,"Action, High Stakes Game, Mystery, Suspense","Shin-Ei Animation, domerica"
Diamond no Ace: Act II,52,8.29,326.0,2365,2019-04-02,2020-03-31,2019.0,"The hallowed ground of Koshien Stadium is the ""field of dreams,"" where the ambitions of high school baseball players come true. After emerging victorious in the autumn tournament last year, Seidou High School baseball's team  has finally earned the right to compete there for the first time in seven years.  Beyond the spring tournament looms the battle to decide who is the best team in the nation  — the Summer Koshien.

 With the third-year players due to retire after the summer tournament, the team has to integrate the experience of the seniors and the potential of the newcomers to overcome familiar and new opponents alike and win the coveted national title. 

Meanwhile, pitcher Eijun Sawamura is as determined as ever to earn jersey No. 1  and seize the position of ""ace"" from his persistent rival, Satoru Furuya.  As the team prepares for their greatest challenge yet, Sawamura and Furuya carry on their struggle to lead their team to glory and become the star of the game: the true ""Ace of the Diamond."" 

[Written by MAL Rewrite]",tv,manga,"School, Shounen, Sports, Team Sports",Madhouse
Shining☆Romance,1,6.45,,12322,2017-11-15,2017-11-15,2017.0,"A music video for the theme song of the mobile game ""Utapri Shining Live"", performed by ST☆RISH.",music,visual_novel,"Idols (Male), Music",Unknown
Final Fantasy: The Spirits Within,1,6.29,9305.0,2890,2001-07-02,2001-07-02,2001.0,"The year is 2065, and the planet of Earth is far removed from the place that it was in the past. Deadly alien creatures known as Phantoms have appeared all over the planet, and mere contact with these entities is lethal, whether it be an instant death or a prolonged decline. In order to try and salvage what little of the human race is left, large force-field barriers have been constructed around certain cities to repel the Phantoms.

Seeking a more permanent solution to this invasion are scientists Aki Ross and her mentor, Dr. Sid, whose investigations have revealed that there exists a form of spiritual, Gaia energy that can eradicate the Phantom's presence from this world. Aki and Sid aren't alone in their quest through Final Fantasy: The Spirits Within; the human council and the military squad ""Deep Eyes"" are ready to help. Not everyone is convinced of this plan though.

Aki, Sid, Grey, and their allies have to band together against forces both alien and human if they are to have any chance at restoring peace to Earth. An enemy whose mere touch is fatal, the Phantoms appear the more dangerous enemy, but as they will come to find out, their human nemeses are also not to be trifled with.",movie,game,Sci-Fi,Square Pictures
Bakumatsu Gijinden Roman,12,6.13,10171.0,6817,2013-01-08,2013-03-26,2013.0,"The stage is the close of the Edo period, an age when, not unlike our own time, both natural and man-made disasters left chaos in their wake. Manjiro makes a living helping the people of the troubled capital city, but behind the scenes, he also works in secret to take back precious belongings stolen from the people by unjust political powers and conspiratorial menaces. The people call him ""Get-backer Roman.""

(Source: Crunchyroll)",tv,other,"Fantasy, Historical",TMS Entertainment
Ouran Koukou Host Club,26,8.16,504.0,136,2006-04-05,2006-09-27,2006.0,"Haruhi Fujioka is a studious girl who has recently enrolled at the prestigious Ouran Academy. One day, while looking for a quiet and peaceful place to study, she stumbles across a seemingly unused music room. Upon entering, Haruhi is welcomed by the members of the well-known Host Club: a club in which attractive boys amuse girls from across the entire school. However, when Tamaki Suou—the founder and president of the club—startles the bright scholarship student, she accidentally breaks an expensive vase.

With repayment looking difficult for Haruhi, the Host Club members come up with the perfect solution to the girl's problem: work for the club and ultimately become a Host herself! Mistaken for a boy by her peers, Haruhi has to entertain various female students while coping with her fellow Hosts' extravagant personalities.

[Written by MAL Rewrite]",tv,manga,"Comedy, Crossdressing, Reverse Harem, Romance, School, Shoujo",Bones
Kagaku Ninja-tai Gatchaman,105,7.0,4959.0,6736,1972-10-01,1974-09-29,1972.0,"Due to dangers of decreasing resources and growing pollution, the International Scientific Organization (ISO) is established to improve environmental conditions throughout the world. But an international criminal group, Gallactor, tries to achieve world domination by taking control of the ISO. Gallactor was created by a mysterious being from outer space known as Generalissimo X, who gives orders through its chief commander on Earth, the masked Berg Katse. To fight Gallactor and its robot monsters, the ISO's Dr. Nambu enlists five brave youths into a combat squad called Gatchaman,the Science Commandos. Special scientific powers and dramatic birdlike costumes make the Gatchaman Squad a match for Gallactor, wherever on Earth it may strike. Ken (the Eagle) is the wise leader, assisted by sometimes-foolhardy Joe (the Condor), pretty Jun (the Swan), eager little Jinpei (the Swallow), and strong Ryu (the Horned Owl). Each has individual scientific weapons, but their main power lies in their aircraft, the Phoenix, which can transform itself into a fiery arrow capable of piercing the most massive threats. GATCHAMAN is a series of dynamic action and tension as Ken, Joe, Jun, Jinpei, and Ryu hold themselves in constant readiness to meet each new threat by Gallactor to conquer the world.

(Source: Official Site)

About Battle of the Planets (U.S.)",tv,original,"Action, Adventure, Sci-Fi",Tatsunoko Production
Eikoku Koi Monogatari Emma,12,7.62,1684.0,3082,2005-04-03,2005-06-19,2005.0,"Emma has been a maid for most of her life. Working for a retired governess—the strict but compassionate Kelly Stownar—Emma has grown to love her work and has long since accepted her place in society. Beautiful, hardworking, and exceptionally kind, Emma has captured the hearts of many of London's working men—but their feelings always remain unrequited. Emma is waiting for love, and she finds it in the most unlikely of places.

William is the eldest son of the wealthy Jones household—a family that has only recently been accepted into the gentry, securing their position in high society. He is also the former ward of Mrs. Stownar, and on his first visit in years, he falls madly in love with her maid. His earnest attempts to win her affection, coupled with his good nature and warm personality, have captured Emma's heart.

But the polite society of 19th century England does not take kindly to the rejection of tradition. As a result, Emma and William's relationship could not face more opposition. In a world where the class lines are as strongly defended as the borders of nations, does their love have the strength to survive?

[Written by MAL Rewrite]",tv,manga,"Adult Cast, Drama, Historical, Romance, Seinen",Studio Pierrot
Seireitsukai no Blade Dance,12,6.66,7067.0,704,2014-07-14,2014-09-29,2014.0,"On his way to Areishia Spirit Academy, Kamito Kazehaya runs into a naked Claire Rouge, a student who had been bathing as part of a purification ceremony. She had been preparing to form a contract with a powerful spirit in order to acquire more power as an ""elementalist."" Her efforts are wasted, however, when Kamito ends up with the spirit despite the fact that only shrine maidens can become elementalists. Yet to be discouraged, Claire then announces that Kamito must become her contracted spirit instead!

After reaching the school grounds, Kamito escapes from Claire and meets Headmaster Greyworth Ciel Mais, who invites him to enroll at the academy. Although his life at Areishia will be far from easy as the only male student among the shrine princesses-in-training, he begrudgingly accepts in exchange for information about his former contracted spirit, Restia Ashdoll. Adding on to that, he also must fulfill Greyworth's main request: to win in the Blade Dance, a battle festival occurring in two months, where he will face the strongest elementalist rumored to be contracted with a darkness spirit.

[Written by MAL Rewrite]",tv,light_novel,"Action, Comedy, Ecchi, Fantasy, Harem, Romance, School",TNK
"Yahari Ore no Seishun Love Comedy wa Machigatteiru. Kan: Dakara, Shishunki wa Owarazu ni, Seishun wa Tsuzuiteiku.",1,7.78,1230.0,1992,2023-04-27,2023-04-27,2023.0,"Yahari Ore no Seishun Love Comedy wa Machigatteiru. Kan: Dakara, Shishunki wa Owarazu ni, Seishun wa Tsuzuiteiku. adapts selected events from the Shin bonus novels that were released with the Season 3 BDs.",ova,light_novel,"Comedy, Love Polygon, Romance, School",feel.
From a Distance,1,5.64,,22124,2003-06,2003-06,2003.0,Music video for the song From a Distance by The Orb.,music,original,Music,Unknown
VitaminX Addiction,3,5.81,11904.0,11775,2011-08-26,2011-10-21,2011.0,"The story is set at Seitei Gakuen, an elite private academy that teaches every level from kindergarten until college in Tokyo. A new female teacher named Minami Yuuri is starting her second year of teaching here, and she is now moving up from teaching middle school students to the assignment she had sought after: grammar for high school students. Unfortunately, she gets assigned to class 3-E. The class, called ""Class X,"" is an infamous group of seniors who lack study skills; it is said that all of their previous teachers have retired due to ulcers or neurosis. Minami must try to reach out to these students, including the six leaders of the class ""B6"" (Baka 6), and get them into college.

(Source: ANN)",ova,game,"Reverse Harem, Romance, School",Nomad
Mangaka-san to Assistant-san to The Animation,12,7.08,4547.0,955,2014-04-08,2014-06-24,2014.0,"Yuuki Aito is a perverted manga artist who appreciates panties, wishing to draw as many as he can. Being surrounded by numerous female assistants, he is constantly asking to use them as references for the manga he draws.
 
Although Aito has an extremely degenerate mind, he can also be a very kind, generous, and helpful person. The duality of his behavior confuses his assistants—do they love the considerate side of him that he rarely displays, or do they hate him for the perverted thoughts he has most of the time?

[Written by MAL Rewrite]",tv,manga,"Comedy, Ecchi, Harem, Seinen",Zexcs
Afro Samurai: Resurrection,1,7.35,2873.0,2167,2009-01-25,2009-01-25,2009.0,"After obtaining the Number One headband, which proclaims him to be the best of all warriors, Afro spends most of his days in peace, though his nightmare-filled nights are not so tranquil. His life crescendos into chaos once again when Jinno and Sio, his former friends from long ago, take the headband from him, as well as the remains of his father. Challenged by Sio to don the Number Two headband again and exact revenge on them for their actions, Afro embarks on another journey as the wearer of said headband—an item for which anyone would kill him.

Afro Samurai: Resurrection follows Afro as he fights a second series of battles against all manner of foes, wading through the sea of corpses in his wake so that he may once again quench his never-ending thirst for revenge.

[Written by MAL Rewrite]",movie,original,"Action, Adventure, Gore, Samurai",Gonzo
Shin Mazinger Shougeki! Z-hen,26,7.69,1474.0,5786,2009-04-04,2009-09-26,2009.0,"Set in the near future, humanity enters another energy revolution following the discovery of Photon Power. Derived from the ore discovered under the foothills of Mt. Fuji, its intended use was to solve the world's energy problems with its unimaginable power. Seeking this energy is Dr. Hell, a madman craving world domination who with his subordinates Baron Ashura, Count Brocken and Viscount Pygman, commands an army of mechanical beasts excavated from the ruins of ancient Greece to seize the Photon Power Lab for himself. Meeting the attack head on is the hot-blooded teenager Kabuto Kouji, who pilots the Photon Powered robot built by his grandfather, Mazinger Z. But in this battle between Dr. Hell and the Kabuto family, many legends surrounding the Mycenaean Civilization and Bardos Island, as well as the secrets of Mazinger Z remain shrouded in mystery.

A new series based on the mecha show that started it all, Mazinger Z. Shin Mazinger Shougeki! Z-Hen starts over from the beginning with a new cast, to tell a new story unrelated to the original show.

(Source: shin-mazinger.com)",tv,manga,"Drama, Mecha, Shounen, Super Power","Bee Media, Code"
Honzuki no Gekokujou: Shisho ni Naru Tame ni wa Shudan wo Erandeiraremasen 2nd Season,12,8.08,615.0,1100,2020-04-05,2020-06-21,2020.0,"When Myne learns that the Holy Church is in need of mana for their relics, she sees it as her chance to be cured of her life-threatening mana disorder. After seeing their bountiful library, she throws herself headfirst into the Church's grasp and begs to join their order. In exchange for her service and her unusually bountiful supply of mana, Myne is given the blue robes of a noble-born apprentice priestess, despite being a commoner. To Myne, all this talk of mana and nobility is trivial, as she now has access to an unlimited supply of books!

As Myne transitions into the next phase of her life in this new world, she soon learns that achieving her dream has come at a heavy cost. Noble society is severe, unforgiving, and fueled by politics and neglect. She must now deal with the class conflict between the noble-born blue robes and the common-born grey robes, the High Priest's attempts to oust her, and constant behavioral issues from her new retainers. With the help of her family, friends, and the enigmatic Head Priest whose loyalties and motives remain unknown, Myne seeks to overcome these obstacles and continue on the path to becoming her ideal self—the ultimate librarian!

[Written by MAL Rewrite]",tv,light_novel,"Fantasy, Isekai, Reincarnation",Ajia-do
Promare: Lio-hen,1,7.01,4930.0,4519,2019-05-24,2019-05-24,2019.0,A direct continuation of Side:Galo set a day before the film.,ona,original,"Mecha, Sci-Fi, Super Power",Trigger
Tales of Phantasia The Animation,4,6.79,6217.0,5064,2004-11-25,2006-02-24,2004.0,"Tragedy strikes the lives of Cless Alvein, a young swordsman, and Chester Barklight, a young archer, as they return to their village of Totus to find it razed to the ground by the mysterious Black Knight. To take over the world, the Black Knight seeks to claim the power of the Demon King, Dhaos—sealed away by the ancestors of Cless and a young cleric named Mint Adnade. Dhaos' reawakening signals not only the end of the Black Knight, but potentially the world. Cless and Mint must now journey a century into the past to rally allies capable of vanquishing the Demon King once and for all.

Tales of Phantasia The Animation follows Cless and Mint's journey through time to long ago, where they forge an alliance with the half-elf sorceress Arche Klaine and the summoner Klarth F. Lester. Together, they strive to defeat Dhaos and his army in saving the past as well as the years to come.",ova,game,"Adventure, Fantasy, Time Travel",Actas
ACCA: 13-ku Kansatsu-ka Specials,6,6.8,6106.0,6889,2017-04-21,2017-08-29,2017.0,"The Kingdom of Dowa is free at last of political tensions and coup d'état rumors. Jean and Lotta Otus spend their days together with their best friend Niino, enjoying carefree conversations accompanied by alcohol and cigarettes. Although they look out for any potential threat to Dowa, even the administrative leaders of ACCA seem to relax in the long-awaited warmth of peace.

[Written by MAL Rewrite]",special,manga,"Seinen, Slice of Life",Madhouse
Yahari Ore no Seishun Love Comedy wa Machigatteiru. Zoku OVA,1,8.02,726.0,1025,2016-10-27,2016-10-27,2016.0,"After accepting a weekend invitation, Hachiman Hikigaya accompanies Isshiki Iroha around the Chiba Prefecture to brainstorm ideas suitable for an ideal date with Hayato Hayama. As the duo wanders from place to place without a plan, they seemingly enjoy each other's company. Yet, through these straightforward and sincere interactions, the meaning behind what it means to be genuine continues to intrigue Hachiman and his outlook for the future of the Volunteer Service Club and its members.

[Written by MAL Rewrite]",ova,light_novel,"Comedy, Love Polygon, Romance, School",feel.
Kino no Tabi: The Beautiful World - Tou no Kuni - Free Lance,1,7.56,1922.0,4015,2005-10-19,2005-10-19,2005.0,"Waking up from a nap, Kino is relieved to see that a certain tower from afar is still proudly standing. Located in the heart of the Tower Country, the immensely tall tower stretches high into the sky, reaching seemingly infinite heights. The tower looks like something out of a dream, but the breathtaking construction is unmistakably real. Intrigued, the traveling partners Kino and Hermes—the talking motorcycle—journey to the tower to get a closer look at the building.

Despite already being unbelievably tall, the tower is still being built by the townspeople to this day. Puzzled by the origins of the tower, Kino and Hermes ask around the town for information, but they fail to obtain any definitive answer. They continue to observe both the tower and the townspeople during their stay, hoping to understand the reasoning behind building a tower that requires so much effort. After all, there is always something to learn—even from the strangest of countries.

[Written by MAL Rewrite]",special,light_novel,"Adventure, Drama, Fantasy, Psychological",A.C.G.T.
Final Fantasy VII: Advent Children Complete,1,7.89,943.0,1894,2009-04-16,2009-04-16,2009.0,"Two years after saving the world from a cataclysmic event, the members of the activist organization Avalanche have gone their separate ways. Tifa Lockhart opens a new bar, and her childhood friend Cloud Strife starts up a motorcycle-based courier service. Although most of their former allies have fallen out of touch, Cloud and Tifa live in fragile peace with their two young wards Marlene and Denzel.

Their life together begins to crumble as a contagious plague and overwhelming grief pull Cloud away from his newfound family. While distancing himself through his work, Cloud is attacked by three silver-haired figures in black uniforms who bear a passing resemblance to his bitter rival, Sephiroth. As the antagonistic trio stalks Cloud and brings harm to his loved ones, the former mercenary struggles against his own demons while fighting to protect his family and prevent the will of Sephiroth from returning to the planet.

[Written by MAL Rewrite]",ova,game,"Action, Fantasy",Square Enix Visual Works
Fullmetal Alchemist: Premium Collection,3,7.29,3232.0,2877,2006-03-29,2006-03-29,2006.0,"1. State Alchemists vs Seven Homunculi
A 10 minute film featuring: Ed, Al, Mustang and many other members of the State doing battle with the deadly Homonculi in an alternate reality Amestris.

2. Chibi Party (Enkai-hen)
Short 6 minute Skit drawn in Super Deformed style where every character in the series (including bad guys) are celebrating an ""After Party"" of the Conqueror of Shambala movie.

3. Kids (Kodomo-hen)
Short 3 minute story which features Edward and his grandkids in present day 2005.

(Source: ANN)",ova,manga,"Comedy, Fantasy, Shounen",Bones
Granblue Fantasy The Animation,13,6.63,7218.0,1297,2017-04-02,2017-06-25,2017.0,"This is a world of the skies, where many islands drift in the sky. A boy named Gran and a talking winged lizard named Vyrn lived in Zinkenstill, an island which yields mysteries. One day, they come across a girl named Lyria. Lyria had escaped from the Erste Empire, a military government that is trying to rule over this world using powerful military prowess. In order to escape from the Empire, Gran and Lyria head out into the vast skies, holding the letter Gran's father left behind—which said, ""I will be waiting at Estalucia, Island of Stars.""

(Source: Aniplex of America)",tv,game,"Action, Adventure, Fantasy",A-1 Pictures
Lupin III: Napoleon no Jisho wo Ubae,1,6.72,6638.0,7886,1991-08-09,1991-08-09,1991.0,"Lupin has a lively time of it this time in a classic car race from Madrid to Paris. The race prize is Napoleon's dictionary, which contains the key to the Treasure of the Empire, something that just about everybody seems to be after. Lupin and his buddies take off after the prize, pursued not only by the perennial Inspector, but also by an army of secret agents from around the world. Classic cars and state-of-the-art weapons heighten the speed and thrills of this adventure.

(Source: AniDB)",tv_special,manga,"Action, Adult Cast, Adventure, Comedy, Mystery, Seinen","Tokyo Movie Shinsha, TMS Entertainment"
Koi to Senkyo to Chocolate,12,6.96,5170.0,1055,2012-07-06,2012-09-28,2012.0,"Yuuki Oojima is a member of his high school's Food Research Club, whose main activity is eating snacks bought with funds allocated to them by the school. However, this peaceful and wasteful lifestyle is under threat as the upcoming student election draws near. Satsuki Shinonome, a major candidate and the head of the department of financial affairs, campaigns on a platform that includes disbanding meritless clubs such as the Food Research Club and redirecting their budgets to proper ones.

Understandably, the Food Research Club is in an uproar over this development, with president Chisato Sumiyoshi vowing to preserve it. But what can they even do to stop the highly competent and popular Satsuki from getting elected?

[Written by MAL Rewrite]",tv,visual_novel,"Drama, Harem, Romance, School",AIC Build
Rurouni Kenshin: Meiji Kenkaku Romantan - Seisou-hen,2,7.97,804.0,2556,2001-12-19,2002-03-20,2001.0,"Kaoru goes to the harbor every day to see if Kenshin has returned. After a while, she starts looking back at her life with Kenshin and all the things that have happened.

(Source: ANN)",ova,manga,"Drama, Historical, Romance, Samurai, Shounen",Studio Deen
Kien Romance,1,6.86,,15670,2023-04-21,2023-04-21,2023.0,Music video for the song Kien Romance by Akari Nanawo. The song was used as the opening theme of the anime Edomae Elf.,music,original,Music,Unknown
Knockin' Fantasy,1,6.06,,19637,2020-07-14,2020-07-14,2020.0,"A music video for one of Ensemble Star's units, Switch, of their song Knockin' Fantasy.",music,game,"Idols (Male), Music",Happy Elements
Final Fantasy VII: Last Order,1,7.29,3231.0,3005,2005-09-14,2005-09-14,2005.0,"With reports of monsters terrorizing the reactor at Mount Nibel, the Shinra Electric Power Company dispatches their elite fighting force SOLDIER to investigate. Accompanied by fellow SOLDIER First Class Zack Fair and a small contingent of company guards, the war hero Sephiroth is to assess the condition of the Mako reactor at the behest of the company. In Nibelheim, the village that the reactor powers, Sephiroth discovers the source of the monsters and the origins of Shinra's legendary Jenova Project.

Running through the woods months later, Zack is no longer the hero he once dreamt of becoming. He flees from the General Affairs Department of the Shinra Electric Power Company, better known as the Turks, who desperately seek to bury the evidence living within the two.

[Written by MAL Rewrite]",special,game,"Action, Adventure, Drama, Fantasy, Sci-Fi",Madhouse
Crocotires Traction AAA,1,5.27,13824.0,16724,1999,1999,1999.0,"A huge garbage dump where old tires are piled up place turns into a different world late at night when no one's around. The old tires come to life, transforming their appearances and immersing themselves in boxing.

(Source: Official Youtube channel)",movie,original,Sports,Polygon Pictures
Persona 5 the Animation: The Day Breakers,1,7.06,4665.0,3242,2016-09-03,2016-09-03,2016.0,"There is a new urban legend circulating Tokyo. It claims that if you make a request in the Ask-a-Thief Channel, the Phantom Thieves of Hearts will show up and bring justice by stealing a corrupt person's heart and making them regret all their wrongdoings. As strange and inexplicable events continue to happen all around town, more people submit their requests in hope that the mysterious vigilante group will help.

Kazuya Makigami is a burglar by night, but has started to have second thoughts about his crimes and those who help him commit them. Unable to stand up to his comrades himself, Kazuya submits a request to the Ask-a-Thief Channel.

[Written by MAL Rewrite]",tv_special,game,"Action, Super Power",A-1 Pictures
Hametsu no Mars,1,2.24,14967.0,2959,2005-07-06,2005-07-06,2005.0,"Several months after a probe returning from Mars burns up during reentry, strange creatures dubbed ""Ancients"" begin to appear throughout Tokyo. Aggressive and dangerous, they cannot be killed with ordinary weapons. As scientists struggle to find the cause of their sudden appearance, the monsters wreak havoc across the world.

Humanity finds hope in the form of the MARS suit—a new weapon developed to take down these enemies. The suit, however, can only be worn by those with specific DNA. Enter Takeru Hinata, an ordinary teen with a troubled past and one of the few capable of piloting the only weapon against the Ancients. With the help of the AAST, a special police force established to defeat the dangerous creatures, the young man battles against demons both personal and global whilst trying to discover the true nature of Earth's new aggressors.

[Written by MAL Rewrite]",ova,visual_novel,"Action, Gore, Horror, Military, Sci-Fi",WAO World
Koukaku Kidoutai: Stand Alone Complex 2nd GIG - Tachikoma na Hibi,26,7.13,4235.0,5373,2004-09-10,2006-09-27,2004.0,Tachikomatic Days is a series of comedic shorts attached to the end of every episode of Ghost in the Shell: Stand Alone Complex 2nd GIG. The shorts feature the antics of the Tachikoma think tanks of Section 9 and usually involve plot points. The average short time is a little over a minute.,special,manga,Comedy,Production I.G
3D Onara Gorou ga Dance Dance Dance!!,1,3.41,,10575,2016-04-21,2016-04-21,2016.0,Onara Gorou is now in 3D with a little dance and music number.,music,original,"Comedy, Music",ILCA
Ragnarök The Animation,26,6.45,8347.0,3485,2004-04-07,2004-09-29,2004.0,"A great evil is sweeping over the realm; an evil that the young swordsman Roan and his life-long companion, the acolyte Yufa, must face head on! For these two travel toward their destiny, from the highest towers to the depths of the underworld, through forest and desert alike. With an ever-growing cast of fellow heroes, fate will grasp these travelers by their very souls and propel the band of skilled adventurers towards a noble end. Or ignoble, if they don't watch their step!

Monsters are afoot and the way rife with danger and magic, the path forward may be unclear... But where will is strong, there is a way! Lessons wait in the depths of darkness, and good must prevail. The journey starts now!

(Source: FUNimation Entertainment)",tv,game,"Action, Fantasy",G&G Entertainment
Ginga Tetsudou no Yoru,1,7.39,2686.0,4626,1985-07-13,1985-07-13,1985.0,"Giovanni is a young boy who lives on the outskirts of a small rustic village. His mother is bedridden and his father has not returned home since leaving to work on a fishing boat. An outcast at school, Giovanni has only one friend: Campanella, the mayor's son. During the town's Festival of Stars, Giovanni starts to daydream atop a hill and looks up to find a steam engine train floating in the air. He boards the train only to find his friend Campanella already there. And so, the two begin their journey through the stars where they come across unusual people and visit many beautiful and haunting places.

[Written by MAL Rewrite]",movie,novel,"Anthropomorphic, Award Winning, Drama, Fantasy, Kids, Mystery, Psychological",Group TAC
Heroman Specials,3,6.33,9057.0,10833,2010-09-22,2011-03-16,2010.0,"Heroman specials released in DVD/BD volumes 2, 5 and 8.",special,original,"Mecha, Sci-Fi, Super Power",Bones
Manie-Manie: Meikyuu Monogatari,3,7.09,4495.0,4105,1987-09-25,1987-09-25,1987.0,"Manie-Manie: Meikyuu Monogatari is an anthology film composed of three short films by acclaimed directors Rintaro, Yoshiaki Kawajiri, and Katsuhiro Otomo.

Labyrinth Labyrinthos
While Sachi is searching for her cat, Cicerone, they both fall through a mirror and become trapped in a mysterious, mind-bending labyrinth. They follow a clown's shadow into the distance, not knowing where it will lead them.

Running Man
Bob Stone is a reporter working on an article about racer Zack Hugh, the ten-year reigning champion of an extremely popular and deadly automobile race. By the time the two meet, Zack's body and mind are shells of what they used to be. When the next race starts, Bob observes what happens when both man and machine are pushed to their breaking point, and what it takes to be an enduring champion.

The Order to Stop Construction
Salaryman Tsutomo Sugioka is dispatched into the heart of a dangerous jungle in order to halt a construction project after the foreman's mysterious disappearance. There, he discovers the deadly and uncontrollable world created by the automated construction robots. When the chief robot is resistant to his orders, Tsutomo must figure out another way to stop the project before his company's financial losses become too great.

[Written by MAL Rewrite]",movie,novel,"Adventure, Horror, Sci-Fi, Supernatural","Madhouse, Project Team Argos"
Kando≠Reduction,1,6.06,,19429,2012-10-18,2012-10-18,2012.0,"A music video for Aki Akane's song ""Kando≠Reduction""",music,original,Music,Unknown
Bloody Date,1,4.26,14830.0,9875,2006-11-29,2006-11-29,2006.0,"While enjoying their first date, a young couple experiences a nasty surprise when they're interrupted by an axe-wielding murderer! The girl manages to escape and finds refuge in a strange family's house, where she urges the people inside to call the police. However, she is knocked out and awakens inside a nightmarish room. Her real struggle for survival is only just beginning!

[Written by MAL Rewrite]",ona,original,Horror,Unknown
Shoujo Kakumei Utena,39,8.25,384.0,1137,1997-04-02,1997-12-24,1997.0,"Years ago, a tragic incident befell a young princess when both her parents died. Devastated, it seemed nothing would calm this poor soul. However, a prince traveling through the area came to see the princess, hoping to cheer her up. After wiping her sorrowful tears, the prince gave her a ring carrying a rose emblem and told her as long as she holds onto the ring, they are destined to meet again. The event leaves a deep impression on the girl, Utena Tenjou, leading her to become a prince herself. 

Years later, Utena attends Ootori Academy, recognized by the same rose emblem as her precious ring's. There, attracted by the scent of roses, she witnesses Anthy Himemiya tending the flowers, accompanied by the Student Council President Touga Kiryuu and Vice President Kyouichi Saionji, who seem to be arguing over Anthy. While Utena thinks nothing of the occurrence, the Student Council gathers to discuss an important matter. 

Subsequently, a misunderstanding leads to Utena being dragged into the world of Duelists—those with rings similar to her own. The Duelists fight for the ownership of the Rose Bride, Anthy Himemiya, who is said to possess great power. Wanting to prove her capabilities as a prince, and enraged that Anthy is being wronged and objectified, Utena resolves to fight against the Duelists to save her from the cruel fate.

[Written by MAL Rewrite]",tv,original,"Award Winning, Drama, Mahou Shoujo, Psychological, School",J.C.Staff
Eromanga-sensei OVA,2,6.78,6250.0,2078,2019-01-16,2019-01-16,2019.0,"Yamada Elf's Love Song

As a novelist with works getting adapted into anime, Elf Yamada holds an event to celebrate her success and to thank everyone who had supported her. With her mother attending, she becomes more excited. However, just as her mother arrives, she tells Elf to go back home so that she can find a suitable husband. Elf, who harbors feelings for Masamune Izumi, chooses to say no…

Cooked Meals of Pure Love

Winter has come, and it's freezing outside. With her brother Masamune catching a cold, Sagiri Izumi decides to nurse her brother into good health by stepping outside the comfort of her room and doing the housework herself. 

[Written by MAL Rewrite]",ova,light_novel,"Comedy, Ecchi, Otaku Culture, Romance",A-1 Pictures
Persona 4 the Animation: The Factor of Hope,1,7.26,3443.0,5487,2012-06-09,2012-06-09,2012.0,"Recap of the entire 25-episode television anime series with new cuts and also the unaired ""True End Episode"" that was included in the 10th Blu-ray Disc/DVD volume.",movie,game,"Action, Adventure, Mystery, School, Super Power, Supernatural",AIC ASTA
Chance Triangle Session,13,6.47,8182.0,8574,2001-05-21,2001-08-27,2001.0,"This anime is based on a 1999 radio drama about three very different girls: Akari, Yuki and Nozomi; going to see the concert of top pop idol Reika and by going to see this concert their lives are greatly influenced by it. 

Akari was raised in a very religious background, she is bright and cheerful and a big Reika fan. Yuki is an independent girl who ran away from her home in Hakodate. She is working in the concert hall of Reika's performance. Nozomi is the daughter from a wealthy family in Kobe. She's got one of the VIP seats at the concert. 

The three girls are so inspired by Reika's performance, that they all enroll in the Akiba music school and endeavor to become pop idols themselves. 

(Source: AnimeNfo)",tv,radio,"Drama, Idols (Female), Music",Madhouse
Amanchu! Advance,12,7.15,4102.0,4394,2018-04-07,2018-06-23,2018.0,Second season of Amanchu!.,tv,manga,"Iyashikei, School, Shounen, Slice of Life",J.C.Staff
InuYasha Movie 1: Toki wo Koeru Omoi,1,7.57,1885.0,2237,2001-12-22,2001-12-22,2001.0,"During their quest in the feudal era to recover the shards of the miraculous Shikon Jewel, Inuyasha, Kagome Higurashi, and their friends become the target of Menoumaru Hyouga—a demon awakened by one of the Shikon fragments, now in pursuit of Inuyasha's heirloom sword Tessaiga. Following a clash between the fathers of Inuyasha and Menoumaru, the weapon is the only means to restore Menoumaru his rightful family heritage.

However, upon ambushing Inuyasha, Menoumaru discovers that Tessaiga's owner alone can wield it. Determined to achieve his objective regardless, he kidnaps Kagome to force Inuyasha to use his blade and release the sealed powers of the Hyouga clan. With their dependable companions' assistance, Inuyasha and Kagome oppose Menoumaru, unaware that his sinister intentions and alarming potential will endanger not only their world but also its distant future.

[Written by MAL Rewrite]",movie,manga,"Action, Adventure, Fantasy, Historical, Mythology, Romance, Shounen, Time Travel",Sunrise
Mr.AFFECTiON,1,7.14,,12414,2019-12-16,2019-12-16,2019.0,"Official music video for IDOLiSH7's song ""Mr.AFFECTiON"" for the 2019 BĻACK OR WHiTE event.",music,game,"Idols (Male), Music",Orange
Junjou Romantica OVA,2,7.68,1491.0,3264,2012-12-20,2015-12-01,2012.0,OVAs that come with the limited premium edition of volumes 16 and 20 of the manga series.,ova,manga,"Adult Cast, Boys Love, Comedy, Drama",Studio Deen
Yokoyama Mitsuteru Sangokushi,47,7.36,2867.0,8383,1991-10-18,1992-09-25,1991.0,"Around 1800 years ago in China, the ruling power of the Han dynasty became weakened and the flames of war spread throughout the land. 

Liu Bei was a young, poor straw-mat seller from the countryside of Hebai Hsing. After pledging eternal brotherhood with the two heroes, Guan Yu and Zhang Fei, Liu began building his idea of a righteous kingdom that would aid citizens who suffered from persecution. 

(Source: AniDB)",tv,manga,"Action, Adventure, Historical",Azeta Pictures
Lance N' Masques,12,5.51,13163.0,3515,2015-10-02,2015-12-18,2015.0,"Eight words describe the feelings of Youtarou Hanabusa: ""I just want to live a normal life."" Unfortunately for him, as a member of the Knights of the World, his training in this ancient and international order has left him with a condition he calls ""White Knight Syndrome."" This condition causes Youtarou to instinctively act heroically and chivalrously whenever he encounters someone in danger.

To protect his identity in such embarrassing moments, he carries a mask with him at all times. Then one day, he saves the life of Makio Kidouin, the young daughter of an elite and affluent family. Little does he know that this singular act of heroism will change his life forever. Soon, he is simultaneously blessed with a life in the lap of luxury and cursed with one of abnormality, for his new friend Makio lives a life far removed from the everyday.

Between coping with the hijinks of six-year-old Makio, and dealing with a cast of odd friends and scheming enemies, Youtarou must protect his new friend while keeping his identity hidden as the masked hero Knight Lancer.

[Written by MAL Rewrite]",tv,light_novel,Fantasy,Studio Gokumi
"Ore no Nounai Sentakushi ga, Gakuen Love Comedy wo Zenryoku de Jama Shiteiru OVA",1,7.13,4258.0,2845,2014-05-20,2014-05-20,2014.0,Unaired TV episode bundled with the light novel's volume eight.,ova,light_novel,"Comedy, Harem, Romance, School",Diomedéa
Tekken: Blood Vengeance,1,6.59,7485.0,5090,2011-07-26,2011-07-26,2011.0,"High school student Ling Xiaoyu is recruited by Anna Williams of G Corporation to transfer to Kyoto University and gather information on a student named Shin Kamiya. Meanwhile, Jin Kazama, the current head of the Mishima Zaibatsu, sends Alisa Bosconovitch to the university for the same mission. Though they do not know each other's true motives, Xiaoyu and Alisa become close friends. However, their friendship is put to the test when Shin is captured by an unknown assailant.

(Source: ANN)",movie,game,"Action, Fantasy, Martial Arts, Sci-Fi",Digital Frontier
One Piece Movie 05: Norowareta Seiken,1,7.09,4503.0,2488,2004-03-06,2004-03-06,2004.0,"Luffy and crew go to an island searching for a legendary sword, said to be the most expensive in the world. Soon attacking marines and beautiful maidens split the crew. Zoro betrays the crew to help an old friend, Luffy and Usopp wander through a cave, and the rest help a village fight marines. When Zoro defeats Sanji he takes the sacred pearls that are the only defense against the evil sword that will plunge the world into darkness. 

(Source: ANN)",movie,manga,"Action, Adventure, Fantasy, Shounen",Toei Animation
Eikoku Koi Monogatari Emma: Intermission,1,7.0,4952.0,8786,2007-04-10,2007-04-10,2007.0,This special is a recap of the first season of Eikoku Koi Monogatari Emma: Intermission as well as a preview of the second season Eikoku Koi Monogatari Emma: Molders Hen.,tv_special,manga,"Adult Cast, Drama, Historical, Romance, Seinen",Ajia-do
Yahari Ore no Seishun Love Comedy wa Machigatteiru.,13,8.0,752.0,86,2013-04-05,2013-06-28,2013.0,"Hachiman Hikigaya is an apathetic high school student with narcissistic and semi-nihilistic tendencies. He firmly believes that joyful youth is nothing but a farce, and everyone who says otherwise is just lying to themselves. 

In a novel punishment for writing an essay mocking modern social relationships, Hachiman's teacher forces him to join the Volunteer Service Club, a club that aims to extend a helping hand to any student who seeks their support in achieving their goals. With the only other club member being the beautiful ice queen Yukino Yukinoshita, Hachiman finds himself on the front line of other people's problems—a place he never dreamed he would be. As Hachiman and Yukino use their wits to solve many students' problems, will Hachiman's rotten view of society prove to be a hindrance or a tool he can use to his advantage?

[Written by MAL Rewrite]",tv,light_novel,"Comedy, Love Polygon, Romance, School",Brain's Base
Sangokushi (1985),1,6.23,9665.0,13760,1985-03-20,1985-03-20,1985.0,An anime special based on the Romance of the Three Kingdoms novel. Aired on NTV.,tv_special,,Historical,Shin-Ei Animation
Sangokushi II: Amakakeru Otoko-tachi,1,6.22,9711.0,15164,1986-08-22,1986-08-22,1986.0,The sequel to Sangokushi (1985).,tv_special,,"Action, Historical",Shin-Ei Animation
One Piece Recap,1,7.12,4313.0,5143,2010-03-17,2010-03-17,2010.0,A recap OVA summarizing the ten-year TV series up to the Impel Down arc.,ova,manga,"Action, Adventure, Fantasy, Shounen",Toei Animation
Action Heroine Cheer Fruits,12,6.6,7374.0,6034,2017-07-07,2017-09-29,2017.0,"Several years ago, local heroines—superhero characters who represent towns and perform stage shows in order to raise their town's acclaim—had a boom in popularity. The most famous of these local heroines, Kamidaio, is scheduled to perform in the small town of Hinano, much to the excitement of Mikan Kise's little sister Yuzu. Unfortunately, when Mikan takes Yuzu to the show, she finds out that it has been canceled. She promises her distraught sister that she'll make sure she can see the show. Desperate not to let her down, Mikan asks her classmate, the local heroine fanatic An Akagi, for help.

Mikan and Ann put on their own Kamidaio performance clad in homemade costumes, which the kids in the audience love despite its lack of production value. The show is recorded by the student council president Misaki Shirogane, who posts it online to garner attention. Misaki is from a family of politicians and has taken it upon herself to revitalize Hinano. Impressed by their show, she recruits Mikan and An to become the official local heroines of their town. As the group works to improve their shows, they enlist the help of a variety of colorful individuals.

[Written by MAL Rewrite]",tv,original,"School, Slice of Life",Diomedéa
Eikoku Koi Monogatari Emma: Molders-hen,12,7.81,1130.0,3937,2007-04-17,2007-07-03,2007.0,"In the faraway village of Haworth, a new chapter in Emma's life has begun. Now employed by the wealthy Molders family, Emma has resolved to put the past behind her. She'll have to adjust to a new house, a charming (but eccentric) new mistress, and a host of fellow servants, some with buried pasts of their own.

Meanwhile, back in London, William is doing his best to uphold his father's wishes as the Jones family heir, but try as he might, he can't forget Emma. Yet, whenever he feels at his worst, Eleanor is always there to comfort him with a warm, shy smile. Could the answer to his broken heart be right before his eyes?

(Source: RightStuf)",tv,manga,"Adult Cast, Drama, Historical, Romance, Seinen",Ajia-do
Rail Romanesque,12,5.22,13948.0,4509,2020-10-03,2020-12-19,2020.0,"The year is 1989. After the nation of Hinomoto was destabilized during the past World War, the rise of new technologies has enabled its revitalization. Modern engineering has given birth to aircraft, gasoline engines, and geomagnetic technology—revolutionizing transportation. Railroads have been rendered nearly obsolete and replaced by more efficient modes of transit.

However, a group of lively ""Raillords"" aims to renew the railroads' former glory. The Raillords, personified as energetic and spirited girls, act as humanoid control modules for their assigned railways. They meet in Ohitoyo City for the Raillord Summit, headed by Suzushiro, a Raillord from Manoka Railways. Together, the group capitalizes on its teamwork to get the railroads back on track, ushering in a ""new railroad age.""

[Written by MAL Rewrite]",tv,visual_novel,"Anthropomorphic, Slice of Life",Saetta
